time,price_DK_1,price_DE_LU,price_NL
2024-01-01 00:00:00,16.99,0.23749999999999893,0.1
2024-01-01 01:00:00,28.14,0.05500000000000024,0.01
2024-01-01 02:00:00,26.66,-0.1425,0.0
2024-01-01 03:00:00,4.14,-1.252499999999999,-0.01
2024-01-01 04:00:00,-0.03,-2.9333333333333336,-0.03
2024-01-01 05:00:00,-0.02,-1.8399999999999999,-0.02
2024-01-01 06:00:00,-0.05,-5.7125,-0.05
2024-01-01 07:00:00,-0.02,-0.009999999999999787,-0.02
2024-01-01 08:00:00,0.0,-3.68,0.0
2024-01-01 09:00:00,0.08,-1.1333333333333335,0.04
2024-01-01 10:00:00,41.34,-6.045000000000001,0.06
2024-01-01 11:00:00,43.51,-6.51,0.54
2024-01-01 12:00:00,43.02,-8.23,2.24
2024-01-01 13:00:00,44.29,-9.136666666666667,1.97
2024-01-01 14:00:00,46.24,-1.9275000000000002,1.13
2024-01-01 15:00:00,50.61,5.9875,3.19
2024-01-01 16:00:00,59.47,25.915,40.0
2024-01-01 17:00:00,64.99,41.097500000000004,84.46
2024-01-01 18:00:00,61.74,41.292500000000004,61.74
2024-01-01 19:00:00,61.27,37.8275,61.27
2024-01-01 20:00:00,59.97,44.129999999999995,59.97
2024-01-01 21:00:00,54.92,37.595,54.92
2024-01-01 22:00:00,47.65,34.445,47.65
2024-01-01 23:00:00,35.55,26.275000000000002,35.55
2024-01-02 00:00:00,30.59,35.925000000000004,29.39
2024-01-02 01:00:00,20.07,29.585,19.6
2024-01-02 02:00:00,31.03,25.7425,27.33
2024-01-02 03:00:00,18.39,22.56,16.2
2024-01-02 04:00:00,11.08,22.5025,9.5
2024-01-02 05:00:00,13.78,33.040000000000006,11.2
2024-01-02 06:00:00,47.63,46.8675,44.43
2024-01-02 07:00:00,58.1,79.9825,56.56
2024-01-02 08:00:00,65.67,66.52,64.28
2024-01-02 09:00:00,64.73,85.54,66.12
2024-01-02 10:00:00,68.98,84.10666666666667,70.6
2024-01-02 11:00:00,73.54,73.79,78.8
2024-01-02 12:00:00,78.16,72.455,99.9
2024-01-02 13:00:00,78.87,65.5775,102.5
2024-01-02 14:00:00,79.24,65.42500000000001,110.6
2024-01-02 15:00:00,79.96,69.485,105.7
2024-01-02 16:00:00,81.46,76.5025,100.7
2024-01-02 17:00:00,80.92,81.02250000000001,118.93
2024-01-02 18:00:00,74.95,80.9025,81.3
2024-01-02 19:00:00,63.18,72.5925,70.1
2024-01-02 20:00:00,57.11,75.52250000000001,66.7
2024-01-02 21:00:00,46.89,70.9975,54.9
2024-01-02 22:00:00,40.0,62.5275,53.18
2024-01-02 23:00:00,21.81,60.0,54.9
2024-01-03 00:00:00,1.04,5.662499999999999,-0.39
2024-01-03 01:00:00,-0.01,3.565,-1.61
2024-01-03 02:00:00,0.0,0.6666666666666666,-1.39
2024-01-03 03:00:00,-0.01,-0.05666666666666667,-1.31
2024-01-03 04:00:00,0.0,0.6300000000000008,-1.39
2024-01-03 05:00:00,0.02,7.87,-1.95
2024-01-03 06:00:00,1.09,16.5675,1.05
2024-01-03 07:00:00,40.59,38.5325,40.63
2024-01-03 08:00:00,59.61,54.1375,68.3
2024-01-03 09:00:00,60.61,52.9125,75.9
2024-01-03 10:00:00,57.0,47.795,73.2
2024-01-03 11:00:00,54.89,37.24333333333333,69.2
2024-01-03 12:00:00,59.8,37.9375,60.0
2024-01-03 13:00:00,58.86,41.225,58.86
2024-01-03 14:00:00,60.86,41.725,60.86
2024-01-03 15:00:00,67.18,55.832499999999996,76.0
2024-01-03 16:00:00,73.59,67.3675,79.0
2024-01-03 17:00:00,82.28,77.7575,101.0
2024-01-03 18:00:00,82.97,81.0,114.6
2024-01-03 19:00:00,79.03,74.0,100.0
2024-01-03 20:00:00,73.23,66.97,73.23
2024-01-03 21:00:00,67.41,64.64,67.41
2024-01-03 22:00:00,65.0,64.22,65.0
2024-01-03 23:00:00,58.12,55.8275,58.12
2024-01-04 00:00:00,57.3,45.542500000000004,57.3
2024-01-04 01:00:00,50.46,39.932500000000005,50.46
2024-01-04 02:00:00,40.0,29.9725,40.0
2024-01-04 03:00:00,25.48,23.67,25.48
2024-01-04 04:00:00,35.0,32.84,35.0
2024-01-04 05:00:00,57.73,47.0375,57.73
2024-01-04 06:00:00,72.65,65.37,72.65
2024-01-04 07:00:00,85.02,82.08,85.02
2024-01-04 08:00:00,91.47,87.2,91.47
2024-01-04 09:00:00,94.2,88.4425,94.2
2024-01-04 10:00:00,91.61,87.6725,91.61
2024-01-04 11:00:00,90.03,88.745,90.03
2024-01-04 12:00:00,86.3,83.61,86.28
2024-01-04 13:00:00,85.96,84.1425,85.96
2024-01-04 14:00:00,92.11,90.8275,92.11
2024-01-04 15:00:00,98.62,98.82,98.62
2024-01-04 16:00:00,105.73,111.9975,104.45
2024-01-04 17:00:00,133.23,121.015,130.21
2024-01-04 18:00:00,144.65,134.34,140.67
2024-01-04 19:00:00,125.0,129.365,123.1
2024-01-04 20:00:00,103.59,118.08250000000001,101.65
2024-01-04 21:00:00,100.01,103.0775,96.77
2024-01-04 22:00:00,94.86,94.62,93.04
2024-01-04 23:00:00,88.83,87.0875,88.61
2024-01-05 00:00:00,86.08,85.905,86.08
2024-01-05 01:00:00,80.51,81.04,80.51
2024-01-05 02:00:00,77.01,78.28999999999999,77.01
2024-01-05 03:00:00,73.21,77.2525,72.88
2024-01-05 04:00:00,74.05,77.14750000000001,72.12
2024-01-05 05:00:00,76.03,80.2975,74.52
2024-01-05 06:00:00,81.0,84.985,80.11
2024-01-05 07:00:00,87.0,99.0825,87.17
2024-01-05 08:00:00,89.57,105.13,89.78
2024-01-05 09:00:00,94.93,102.67500000000001,95.0
2024-01-05 10:00:00,96.28,99.5775,96.29
2024-01-05 11:00:00,98.22,96.14,98.22
2024-01-05 12:00:00,92.24,91.45,92.29
2024-01-05 13:00:00,91.54,90.7,91.65
2024-01-05 14:00:00,96.41,90.8,96.5
2024-01-05 15:00:00,100.05,95.80499999999999,100.13
2024-01-05 16:00:00,102.97,103.565,103.03
2024-01-05 17:00:00,107.38,114.9725,107.43
2024-01-05 18:00:00,108.45,114.405,108.47
2024-01-05 19:00:00,103.96,109.2825,104.0
2024-01-05 20:00:00,100.09,98.97749999999999,100.13
2024-01-05 21:00:00,94.19,91.3575,94.21
2024-01-05 22:00:00,94.92,88.19,94.92
2024-01-05 23:00:00,86.8,83.645,86.8
2024-01-06 00:00:00,82.25,80.245,82.25
2024-01-06 01:00:00,80.2,74.71,80.2
2024-01-06 02:00:00,76.13,72.5975,76.13
2024-01-06 03:00:00,73.01,69.83500000000001,73.01
2024-01-06 04:00:00,,69.08500000000001,
2024-01-06 05:00:00,74.59,69.9175,74.59
2024-01-06 06:00:00,75.1,72.25999999999999,75.1
2024-01-06 07:00:00,81.39,77.2175,81.39
2024-01-06 08:00:00,88.4,84.9325,88.4
2024-01-06 09:00:00,92.23,91.9075,92.23
2024-01-06 10:00:00,97.3,92.815,97.3
2024-01-06 11:00:00,100.43,93.0675,100.43
2024-01-06 12:00:00,99.16,91.41,99.16
2024-01-06 13:00:00,95.22,91.8425,94.52
2024-01-06 14:00:00,92.55,92.5,92.45
2024-01-06 15:00:00,95.09,93.4125,94.18
2024-01-06 16:00:00,99.85,96.905,99.22
2024-01-06 17:00:00,104.69,100.0525,104.69
2024-01-06 18:00:00,103.84,100.0375,103.63
2024-01-06 19:00:00,99.31,97.6625,99.0
2024-01-06 20:00:00,92.23,92.1875,92.14
2024-01-06 21:00:00,88.0,88.06,88.0
2024-01-06 22:00:00,86.75,84.8275,86.57
2024-01-06 23:00:00,80.03,79.78999999999999,79.87
2024-01-07 00:00:00,86.15,78.98,84.08
2024-01-07 01:00:00,82.46,75.8,79.82
2024-01-07 02:00:00,76.92,73.03999999999999,76.76
2024-01-07 03:00:00,75.28,69.0425,73.46
2024-01-07 04:00:00,73.33,64.7125,71.86
2024-01-07 05:00:00,73.78,64.3,72.08
2024-01-07 06:00:00,75.14,62.86,74.9
2024-01-07 07:00:00,78.04,70.6025,77.69
2024-01-07 08:00:00,81.79,82.7575,81.79
2024-01-07 09:00:00,85.03,87.83666666666666,84.86
2024-01-07 10:00:00,87.15,90.6,87.14
2024-01-07 11:00:00,89.32,90.66,89.13
2024-01-07 12:00:00,91.5,87.1325,88.66
2024-01-07 13:00:00,87.52,83.6025,84.81
2024-01-07 14:00:00,85.03,85.94,84.34
2024-01-07 15:00:00,88.01,87.9,88.01
2024-01-07 16:00:00,93.42,91.92,93.42
2024-01-07 17:00:00,101.77,98.4325,101.77
2024-01-07 18:00:00,104.85,98.075,104.85
2024-01-07 19:00:00,103.55,96.6675,103.55
2024-01-07 20:00:00,100.5,92.285,100.5
2024-01-07 21:00:00,93.31,88.6275,93.31
2024-01-07 22:00:00,91.17,88.44,91.17
2024-01-07 23:00:00,83.86,82.575,83.86
2024-01-08 00:00:00,87.02,75.91,87.02
2024-01-08 01:00:00,84.32,69.9625,84.35
2024-01-08 02:00:00,81.82,70.1925,81.71
2024-01-08 03:00:00,79.11,70.0,79.0
2024-01-08 04:00:00,78.48,71.29249999999999,78.47
2024-01-08 05:00:00,82.1,82.61500000000001,82.1
2024-01-08 06:00:00,94.3,95.6175,94.3
2024-01-08 07:00:00,111.1,110.88,111.09
2024-01-08 08:00:00,121.11,117.6725,121.11
2024-01-08 09:00:00,117.83,114.3725,117.83
2024-01-08 10:00:00,110.6,113.94,110.58
2024-01-08 11:00:00,103.0,109.2225,103.0
2024-01-08 12:00:00,95.5,102.1675,84.9
2024-01-08 13:00:00,94.03,102.16,89.56
2024-01-08 14:00:00,102.33,103.6525,100.0
2024-01-08 15:00:00,107.98,111.2125,107.98
2024-01-08 16:00:00,123.83,116.945,116.39
2024-01-08 17:00:00,129.15,135.20333333333335,129.15
2024-01-08 18:00:00,130.01,136.4175,125.08
2024-01-08 19:00:00,122.12,123.87,111.9
2024-01-08 20:00:00,114.21,117.36500000000001,100.1
2024-01-08 21:00:00,102.83,102.57,91.0
2024-01-08 22:00:00,99.98,97.77,92.0
2024-01-08 23:00:00,91.49,87.9175,91.49
2024-01-09 00:00:00,88.16,89.7725,80.95
2024-01-09 01:00:00,87.04,89.485,79.98
2024-01-09 02:00:00,85.0,87.4675,85.0
2024-01-09 03:00:00,84.14,85.515,83.42
2024-01-09 04:00:00,85.72,87.30250000000001,80.57
2024-01-09 05:00:00,89.28,89.9225,85.8
2024-01-09 06:00:00,108.51,107.8425,83.9
2024-01-09 07:00:00,124.06,125.9425,91.12
2024-01-09 08:00:00,133.24,134.81,125.7
2024-01-09 09:00:00,120.91,130.9,119.96
2024-01-09 10:00:00,113.19,111.445,98.0
2024-01-09 11:00:00,105.78,105.8375,90.0
2024-01-09 12:00:00,100.22,101.96000000000001,78.8
2024-01-09 13:00:00,100.82,101.995,77.78
2024-01-09 14:00:00,110.89,111.11,85.0
2024-01-09 15:00:00,119.4,118.9975,99.9
2024-01-09 16:00:00,127.85,131.59,112.67
2024-01-09 17:00:00,137.84,146.6,135.69
2024-01-09 18:00:00,137.8,158.56,129.25
2024-01-09 19:00:00,130.43,143.3475,126.3
2024-01-09 20:00:00,120.24,125.405,108.82
2024-01-09 21:00:00,111.68,114.735,93.66
2024-01-09 22:00:00,106.18,105.2775,84.9
2024-01-09 23:00:00,97.09,101.0,88.0
2024-01-10 00:00:00,89.29,95.65,75.54
2024-01-10 01:00:00,86.76,91.57,86.76
2024-01-10 02:00:00,86.73,87.9175,86.73
2024-01-10 03:00:00,86.09,86.7225,81.22
2024-01-10 04:00:00,86.3,87.98,80.48
2024-01-10 05:00:00,89.05,92.74000000000001,77.9
2024-01-10 06:00:00,108.88,109.25999999999999,79.3
2024-01-10 07:00:00,126.29,131.135,96.0
2024-01-10 08:00:00,141.28,143.64249999999998,132.52
2024-01-10 09:00:00,130.39,131.0,130.39
2024-01-10 10:00:00,118.56,118.5375,111.21
2024-01-10 11:00:00,109.13,112.3175,109.13
2024-01-10 12:00:00,102.21,108.7825,89.1
2024-01-10 13:00:00,105.61,109.4,87.45
2024-01-10 14:00:00,112.91,116.5775,84.9
2024-01-10 15:00:00,123.8,126.1875,106.34
2024-01-10 16:00:00,134.64,136.9125,127.94
2024-01-10 17:00:00,143.79,147.8875,143.79
2024-01-10 18:00:00,140.0,148.075,140.0
2024-01-10 19:00:00,132.15,136.0,132.15
2024-01-10 20:00:00,120.0,122.89,120.0
2024-01-10 21:00:00,109.76,111.78999999999999,97.3
2024-01-10 22:00:00,104.49,107.9,91.3
2024-01-10 23:00:00,90.9,99.1625,82.31
2024-01-11 00:00:00,91.75,96.33500000000001,91.75
2024-01-11 01:00:00,88.59,89.61250000000001,88.59
2024-01-11 02:00:00,87.25,86.32249999999999,87.25
2024-01-11 03:00:00,82.38,85.1975,82.38
2024-01-11 04:00:00,81.95,85.5575,81.2
2024-01-11 05:00:00,89.36,90.34,79.6
2024-01-11 06:00:00,102.07,102.80499999999999,90.0
2024-01-11 07:00:00,116.86,119.9875,116.87
2024-01-11 08:00:00,141.0,133.1525,141.0
2024-01-11 09:00:00,129.16,127.91499999999999,129.16
2024-01-11 10:00:00,113.65,115.49,113.65
2024-01-11 11:00:00,106.48,108.0625,106.48
2024-01-11 12:00:00,99.38,102.7125,99.38
2024-01-11 13:00:00,99.0,101.725,99.0
2024-01-11 14:00:00,105.98,108.405,105.98
2024-01-11 15:00:00,117.96,117.97749999999999,117.31
2024-01-11 16:00:00,137.35,126.0725,132.62
2024-01-11 17:00:00,150.09,137.1575,147.06
2024-01-11 18:00:00,136.69,138.1575,136.7
2024-01-11 19:00:00,132.31,130.7825,132.31
2024-01-11 20:00:00,117.88,116.9175,117.88
2024-01-11 21:00:00,107.19,107.62,107.19
2024-01-11 22:00:00,100.0,102.4975,100.0
2024-01-11 23:00:00,97.22,95.215,81.0
2024-01-12 00:00:00,91.04,90.225,82.12
2024-01-12 01:00:00,88.22,84.525,80.63
2024-01-12 02:00:00,85.22,83.60249999999999,83.13
2024-01-12 03:00:00,84.63,80.9675,77.29
2024-01-12 04:00:00,84.34,81.28999999999999,78.0
2024-01-12 05:00:00,84.24,87.0025,79.18
2024-01-12 06:00:00,89.24,99.45,81.32
2024-01-12 07:00:00,118.16,117.1525,118.2
2024-01-12 08:00:00,140.74,134.9025,140.74
2024-01-12 09:00:00,134.96,127.605,134.96
2024-01-12 10:00:00,122.01,115.57499999999999,122.01
2024-01-12 11:00:00,114.73,108.0925,114.73
2024-01-12 12:00:00,106.98,102.575,106.98
2024-01-12 13:00:00,103.08,100.1325,103.08
2024-01-12 14:00:00,104.54,101.7025,104.54
2024-01-12 15:00:00,110.0,106.045,110.0
2024-01-12 16:00:00,120.0,115.32,120.0
2024-01-12 17:00:00,127.5,125.3725,127.5
2024-01-12 18:00:00,126.0,127.96249999999999,126.0
2024-01-12 19:00:00,119.47,119.2975,119.47
2024-01-12 20:00:00,107.13,109.83250000000001,107.13
2024-01-12 21:00:00,91.7,99.7675,91.7
2024-01-12 22:00:00,85.02,93.105,85.02
2024-01-12 23:00:00,82.49,86.47999999999999,82.49
2024-01-13 00:00:00,73.07,88.43,90.0
2024-01-13 01:00:00,74.85,83.60249999999999,85.43
2024-01-13 02:00:00,73.65,80.55,82.0
2024-01-13 03:00:00,71.37,75.68,78.47
2024-01-13 04:00:00,72.24,72.89,75.0
2024-01-13 05:00:00,68.73,71.5225,74.94
2024-01-13 06:00:00,65.18,72.9675,78.16
2024-01-13 07:00:00,68.51,80.6,77.9
2024-01-13 08:00:00,67.16,83.26,74.92
2024-01-13 09:00:00,73.31,84.9175,85.4
2024-01-13 10:00:00,72.02,82.785,88.4
2024-01-13 11:00:00,70.98,78.455,86.1
2024-01-13 12:00:00,69.95,75.42,79.7
2024-01-13 13:00:00,63.67,66.2375,80.82
2024-01-13 14:00:00,67.91,65.82,81.5
2024-01-13 15:00:00,68.61,68.025,87.0
2024-01-13 16:00:00,70.78,76.7525,97.3
2024-01-13 17:00:00,74.22,80.88,114.6
2024-01-13 18:00:00,75.81,82.125,102.8
2024-01-13 19:00:00,73.82,75.4525,84.6
2024-01-13 20:00:00,73.06,71.5925,75.47
2024-01-13 21:00:00,70.93,65.69,81.0
2024-01-13 22:00:00,64.3,63.7725,85.0
2024-01-13 23:00:00,63.16,48.4525,80.0
2024-01-14 00:00:00,64.02,53.825,74.9
2024-01-14 01:00:00,62.11,45.47,74.01
2024-01-14 02:00:00,62.93,42.1875,69.9
2024-01-14 03:00:00,64.01,40.1825,68.24
2024-01-14 04:00:00,64.67,41.0025,71.92
2024-01-14 05:00:00,65.2,43.692499999999995,80.0
2024-01-14 06:00:00,67.31,47.46,71.03
2024-01-14 07:00:00,71.66,59.9775,75.92
2024-01-14 08:00:00,76.74,66.85,79.27
2024-01-14 09:00:00,81.14,73.33333333333333,93.0
2024-01-14 10:00:00,80.63,73.50999999999999,97.11
2024-01-14 11:00:00,81.84,71.445,87.2
2024-01-14 12:00:00,80.39,68.3425,80.39
2024-01-14 13:00:00,77.04,65.1225,77.04
2024-01-14 14:00:00,79.15,66.2575,79.15
2024-01-14 15:00:00,82.32,74.1275,82.32
2024-01-14 16:00:00,86.62,82.745,86.62
2024-01-14 17:00:00,91.86,90.22,91.86
2024-01-14 18:00:00,94.64,93.8575,94.9
2024-01-14 19:00:00,85.26,89.72999999999999,85.0
2024-01-14 20:00:00,79.06,81.785,79.06
2024-01-14 21:00:00,78.6,75.315,78.6
2024-01-14 22:00:00,75.39,72.9325,75.39
2024-01-14 23:00:00,67.19,66.4025,67.19
2024-01-15 00:00:00,67.9,58.9325,67.9
2024-01-15 01:00:00,65.0,54.7325,65.0
2024-01-15 02:00:00,63.94,48.44,63.94
2024-01-15 03:00:00,62.04,44.755,62.04
2024-01-15 04:00:00,,50.6025,
2024-01-15 05:00:00,69.25,60.3725,69.25
2024-01-15 06:00:00,79.95,83.13499999999999,80.18
2024-01-15 07:00:00,83.84,104.1825,84.4
2024-01-15 08:00:00,99.3,102.8,99.34
2024-01-15 09:00:00,100.29,101.2225,100.3
2024-01-15 10:00:00,94.88,95.29,94.89
2024-01-15 11:00:00,90.26,93.28999999999999,90.2
2024-01-15 12:00:00,83.86,91.15,81.18
2024-01-15 13:00:00,82.15,91.05000000000001,82.2
2024-01-15 14:00:00,84.5,90.0,84.6
2024-01-15 15:00:00,89.44,92.38250000000001,89.57
2024-01-15 16:00:00,99.92,101.5,97.62
2024-01-15 17:00:00,109.08,111.9225,106.51
2024-01-15 18:00:00,115.57,111.7525,112.81
2024-01-15 19:00:00,110.66,109.3475,105.13
2024-01-15 20:00:00,103.15,108.04,94.4
2024-01-15 21:00:00,92.95,101.285,79.04
2024-01-15 22:00:00,89.49,94.375,77.76
2024-01-15 23:00:00,86.43,87.4275,78.5
2024-01-16 00:00:00,81.45,79.25999999999999,68.0
2024-01-16 01:00:00,81.4,78.26,76.51
2024-01-16 02:00:00,80.07,75.6525,77.43
2024-01-16 03:00:00,78.26,75.2875,76.82
2024-01-16 04:00:00,77.59,80.4875,73.05
2024-01-16 05:00:00,83.45,82.3725,72.61
2024-01-16 06:00:00,94.07,90.19,92.4
2024-01-16 07:00:00,114.77,110.1775,115.8
2024-01-16 08:00:00,150.15,129.5925,144.11
2024-01-16 09:00:00,150.32,124.2725,138.6
2024-01-16 10:00:00,139.4,115.6825,122.0
2024-01-16 11:00:00,116.91,103.66499999999999,110.0
2024-01-16 12:00:00,103.43,98.19,88.0
2024-01-16 13:00:00,94.98,96.0975,88.1
2024-01-16 14:00:00,96.0,97.32,84.0
2024-01-16 15:00:00,110.25,105.50333333333333,110.29
2024-01-16 16:00:00,111.39,115.235,111.69
2024-01-16 17:00:00,128.15,126.95750000000001,128.3
2024-01-16 18:00:00,127.31,123.42,122.1
2024-01-16 19:00:00,111.77,115.07000000000001,102.0
2024-01-16 20:00:00,95.49,104.4125,89.97
2024-01-16 21:00:00,86.21,90.1875,84.0
2024-01-16 22:00:00,82.04,86.0725,82.21
2024-01-16 23:00:00,77.69,80.075,75.2
2024-01-17 00:00:00,67.86,75.25,71.8
2024-01-17 01:00:00,67.35,74.245,71.65
2024-01-17 02:00:00,66.48,72.9925,70.73
2024-01-17 03:00:00,65.6,71.7025,69.79
2024-01-17 04:00:00,65.36,70.9175,69.54
2024-01-17 05:00:00,65.33,77.2,71.31
2024-01-17 06:00:00,66.94,81.235,75.57
2024-01-17 07:00:00,79.28,96.5775,84.94
2024-01-17 08:00:00,96.0,112.1725,96.74
2024-01-17 09:00:00,102.87,112.97,106.18
2024-01-17 10:00:00,106.91,112.1075,110.33
2024-01-17 11:00:00,107.66,113.315,111.1
2024-01-17 12:00:00,117.71,109.615,113.74
2024-01-17 13:00:00,121.7,110.5175,116.73
2024-01-17 14:00:00,121.74,110.4825,118.0
2024-01-17 15:00:00,125.46,113.6275,122.62
2024-01-17 16:00:00,128.56,120.83250000000001,126.55
2024-01-17 17:00:00,140.52,131.14999999999998,136.91
2024-01-17 18:00:00,123.59,129.3125,122.51
2024-01-17 19:00:00,114.28,114.4725,113.1
2024-01-17 20:00:00,109.8,107.21,99.16
2024-01-17 21:00:00,101.09,95.095,93.73
2024-01-17 22:00:00,94.28,88.545,89.1
2024-01-17 23:00:00,84.17,82.145,83.21
2024-01-18 00:00:00,81.33,79.7075,80.3
2024-01-18 01:00:00,77.2,75.9825,76.99
2024-01-18 02:00:00,75.29,74.1575,74.67
2024-01-18 03:00:00,74.91,73.66499999999999,74.18
2024-01-18 04:00:00,77.57,75.395,76.09
2024-01-18 05:00:00,81.0,77.925,77.6
2024-01-18 06:00:00,91.25,92.5425,89.09
2024-01-18 07:00:00,111.55,107.77,109.23
2024-01-18 08:00:00,125.89,117.4825,121.98
2024-01-18 09:00:00,122.17,116.17750000000001,118.26
2024-01-18 10:00:00,110.9,108.1525,110.4
2024-01-18 11:00:00,107.95,104.0,80.0
2024-01-18 12:00:00,93.55,97.5575,83.95
2024-01-18 13:00:00,87.62,95.1375,70.64
2024-01-18 14:00:00,86.43,93.545,86.61
2024-01-18 15:00:00,94.25,96.13,85.8
2024-01-18 16:00:00,99.52,101.4025,98.68
2024-01-18 17:00:00,104.68,108.8075,103.75
2024-01-18 18:00:00,103.26,109.8075,103.35
2024-01-18 19:00:00,94.53,103.6325,87.85
2024-01-18 20:00:00,86.97,96.0375,81.0
2024-01-18 21:00:00,81.13,88.4525,83.14
2024-01-18 22:00:00,77.43,80.9375,76.63
2024-01-18 23:00:00,71.33,74.2175,73.61
2024-01-19 00:00:00,68.4,74.01,69.14
2024-01-19 01:00:00,65.34,70.5475,66.26
2024-01-19 02:00:00,64.05,68.86,63.0
2024-01-19 03:00:00,62.76,66.555,62.76
2024-01-19 04:00:00,63.32,66.565,63.32
2024-01-19 05:00:00,65.85,69.7925,66.9
2024-01-19 06:00:00,75.74,81.5125,76.49
2024-01-19 07:00:00,85.73,97.10499999999999,86.0
2024-01-19 08:00:00,104.06,105.89,104.27
2024-01-19 09:00:00,102.85,101.6675,99.91
2024-01-19 10:00:00,95.15,92.37,87.53
2024-01-19 11:00:00,86.36,87.7925,84.0
2024-01-19 12:00:00,76.83,81.275,72.21
2024-01-19 13:00:00,73.35,76.27999999999999,73.36
2024-01-19 14:00:00,75.21,76.79333333333334,75.22
2024-01-19 15:00:00,77.45,78.85,73.04
2024-01-19 16:00:00,84.69,86.3675,84.9
2024-01-19 17:00:00,93.6,92.09666666666665,93.75
2024-01-19 18:00:00,88.05,92.7825,87.9
2024-01-19 19:00:00,77.37,85.05499999999999,74.9
2024-01-19 20:00:00,74.0,78.2875,72.95
2024-01-19 21:00:00,71.12,73.095,71.12
2024-01-19 22:00:00,68.64,70.8925,68.64
2024-01-19 23:00:00,64.75,64.825,64.75
2024-01-20 00:00:00,66.0,68.605,66.0
2024-01-20 01:00:00,63.45,66.6375,67.51
2024-01-20 02:00:00,63.54,62.585,63.54
2024-01-20 03:00:00,61.82,60.11,61.82
2024-01-20 04:00:00,61.85,58.455,61.85
2024-01-20 05:00:00,61.75,63.2975,61.75
2024-01-20 06:00:00,62.59,65.28,62.59
2024-01-20 07:00:00,66.9,67.9325,66.9
2024-01-20 08:00:00,74.82,71.4425,74.82
2024-01-20 09:00:00,77.9,74.86,77.9
2024-01-20 10:00:00,71.8,69.1725,71.8
2024-01-20 11:00:00,70.77,67.5175,69.6
2024-01-20 12:00:00,67.73,65.2575,64.89
2024-01-20 13:00:00,68.78,64.2425,66.9
2024-01-20 14:00:00,73.39,67.14,73.37
2024-01-20 15:00:00,79.11,72.05,79.14
2024-01-20 16:00:00,87.8,80.2575,87.86
2024-01-20 17:00:00,94.93,90.945,94.98
2024-01-20 18:00:00,99.87,93.79,99.89
2024-01-20 19:00:00,91.57,89.13,91.57
2024-01-20 20:00:00,80.0,81.9675,80.0
2024-01-20 21:00:00,73.39,75.6975,75.72
2024-01-20 22:00:00,70.42,73.855,70.42
2024-01-20 23:00:00,66.99,70.0475,69.13
2024-01-21 00:00:00,59.7,65.03,62.5
2024-01-21 01:00:00,57.55,61.87,57.0
2024-01-21 02:00:00,55.15,58.7675,55.15
2024-01-21 03:00:00,50.89,50.2025,50.89
2024-01-21 04:00:00,48.51,44.4775,48.31
2024-01-21 05:00:00,47.45,37.25,46.94
2024-01-21 06:00:00,45.53,36.379999999999995,45.0
2024-01-21 07:00:00,43.96,41.947500000000005,42.17
2024-01-21 08:00:00,51.36,41.935,51.0
2024-01-21 09:00:00,54.36,47.8825,60.0
2024-01-21 10:00:00,46.06,43.150000000000006,59.09
2024-01-21 11:00:00,48.67,33.792500000000004,56.24
2024-01-21 12:00:00,38.48,34.175000000000004,59.9
2024-01-21 13:00:00,37.69,30.09,52.74
2024-01-21 14:00:00,44.3,28.527499999999996,55.84
2024-01-21 15:00:00,49.04,30.7825,57.21
2024-01-21 16:00:00,49.83,46.09,55.53
2024-01-21 17:00:00,56.65,64.02250000000001,68.79
2024-01-21 18:00:00,61.45,66.215,82.0
2024-01-21 19:00:00,58.64,58.455,64.0
2024-01-21 20:00:00,51.5,55.69,60.2
2024-01-21 21:00:00,52.46,37.4425,57.0
2024-01-21 22:00:00,50.39,37.44,54.26
2024-01-21 23:00:00,39.46,36.8625,53.27
2024-01-22 00:00:00,36.66,4.89,44.08
2024-01-22 01:00:00,22.24,2.7849999999999993,49.99
2024-01-22 02:00:00,18.62,0.6974999999999993,45.0
2024-01-22 03:00:00,5.04,6.003333333333333,27.92
2024-01-22 04:00:00,5.06,2.75,18.0
2024-01-22 05:00:00,20.0,5.0825,20.5
2024-01-22 06:00:00,40.5,39.537499999999994,42.27
2024-01-22 07:00:00,60.47,60.24250000000001,68.5
2024-01-22 08:00:00,66.48,60.9825,130.0
2024-01-22 09:00:00,57.58,56.745,89.6
2024-01-22 10:00:00,61.55,58.63,74.34
2024-01-22 11:00:00,60.6,51.8975,60.6
2024-01-22 12:00:00,56.92,46.7875,57.01
2024-01-22 13:00:00,56.72,41.3425,56.52
2024-01-22 14:00:00,58.23,40.57,58.55
2024-01-22 15:00:00,59.73,45.955,60.47
2024-01-22 16:00:00,59.99,62.0475,67.0
2024-01-22 17:00:00,61.85,65.95750000000001,88.77
2024-01-22 18:00:00,61.03,67.8875,110.3
2024-01-22 19:00:00,60.03,63.17,98.1
2024-01-22 20:00:00,59.6,58.1875,67.43
2024-01-22 21:00:00,57.0,48.785000000000004,64.41
2024-01-22 22:00:00,55.89,42.635,56.22
2024-01-22 23:00:00,49.88,32.3,50.35
2024-01-23 00:00:00,16.23,35.1925,16.84
2024-01-23 01:00:00,10.1,30.599999999999998,10.99
2024-01-23 02:00:00,9.37,22.93,10.0
2024-01-23 03:00:00,4.17,18.2175,5.0
2024-01-23 04:00:00,10.22,15.2675,10.84
2024-01-23 05:00:00,39.23,28.285,39.51
2024-01-23 06:00:00,58.99,49.9,61.51
2024-01-23 07:00:00,60.93,70.8375,88.25
2024-01-23 08:00:00,61.9,81.78,115.8
2024-01-23 09:00:00,61.11,74.66,96.68
2024-01-23 10:00:00,59.97,73.6325,80.9
2024-01-23 11:00:00,59.44,66.065,65.0
2024-01-23 12:00:00,59.14,63.2025,64.13
2024-01-23 13:00:00,59.43,61.9,63.36
2024-01-23 14:00:00,61.9,68.065,70.02
2024-01-23 15:00:00,62.76,65.9975,74.3
2024-01-23 16:00:00,66.29,74.3825,77.19
2024-01-23 17:00:00,68.46,81.4025,81.81
2024-01-23 18:00:00,66.78,80.58,84.89
2024-01-23 19:00:00,63.34,71.4275,75.35
2024-01-23 20:00:00,60.46,68.4375,65.0
2024-01-23 21:00:00,53.74,55.2675,63.2
2024-01-23 22:00:00,45.36,45.41,53.4
2024-01-23 23:00:00,33.26,37.5325,35.0
2024-01-24 00:00:00,3.05,10.8425,4.85
2024-01-24 01:00:00,-0.03,4.2125,2.12
2024-01-24 02:00:00,0.0,1.9224999999999999,0.0
2024-01-24 03:00:00,-0.01,1.3575,-3.89
2024-01-24 04:00:00,-0.02,1.545,-5.0
2024-01-24 05:00:00,-0.18,16.09,0.0
2024-01-24 06:00:00,14.76,39.5225,16.65
2024-01-24 07:00:00,42.09,57.29,67.5
2024-01-24 08:00:00,50.07,59.21333333333333,95.0
2024-01-24 09:00:00,49.54,65.3725,93.33
2024-01-24 10:00:00,50.1,58.82,68.0
2024-01-24 11:00:00,50.78,54.3675,52.21
2024-01-24 12:00:00,39.32,48.935,39.32
2024-01-24 13:00:00,36.44,45.825,38.3
2024-01-24 14:00:00,45.04,46.315,46.5
2024-01-24 15:00:00,49.95,51.4225,68.43
2024-01-24 16:00:00,50.8,57.440000000000005,80.0
2024-01-24 17:00:00,54.21,67.5825,98.0
2024-01-24 18:00:00,53.32,70.4975,92.72
2024-01-24 19:00:00,50.09,64.6425,100.1
2024-01-24 20:00:00,42.18,62.03,84.0
2024-01-24 21:00:00,40.04,52.8675,81.99
2024-01-24 22:00:00,42.01,48.3925,71.8
2024-01-24 23:00:00,38.53,39.63,81.8
2024-01-25 00:00:00,44.34,39.435,64.9
2024-01-25 01:00:00,45.06,34.55,56.1
2024-01-25 02:00:00,43.34,33.45,67.2
2024-01-25 03:00:00,44.92,35.7,75.0
2024-01-25 04:00:00,46.22,41.2,75.31
2024-01-25 05:00:00,52.38,55.6575,75.9
2024-01-25 06:00:00,58.03,72.3375,78.58
2024-01-25 07:00:00,66.05,86.5625,92.1
2024-01-25 08:00:00,89.02,91.05000000000001,103.02
2024-01-25 09:00:00,85.25,90.9625,94.0
2024-01-25 10:00:00,81.35,87.96666666666665,83.96
2024-01-25 11:00:00,76.22,82.7375,78.66
2024-01-25 12:00:00,73.15,79.4,74.95
2024-01-25 13:00:00,75.99,80.315,76.55
2024-01-25 14:00:00,84.98,84.50999999999999,84.22
2024-01-25 15:00:00,92.07,90.8575,88.61
2024-01-25 16:00:00,101.38,100.4225,96.98
2024-01-25 17:00:00,123.38,109.0,116.0
2024-01-25 18:00:00,115.54,107.14750000000001,112.4
2024-01-25 19:00:00,98.79,99.465,98.53
2024-01-25 20:00:00,91.07,92.23,79.91
2024-01-25 21:00:00,86.31,82.0475,84.28
2024-01-25 22:00:00,80.43,76.5325,79.4
2024-01-25 23:00:00,75.16,69.7575,74.17
2024-01-26 00:00:00,62.8,70.4375,62.8
2024-01-26 01:00:00,61.96,61.18,62.0
2024-01-26 02:00:00,58.49,56.8025,58.49
2024-01-26 03:00:00,54.79,53.18,54.79
2024-01-26 04:00:00,47.62,52.625,47.4
2024-01-26 05:00:00,50.65,55.0,50.87
2024-01-26 06:00:00,56.27,61.9825,58.15
2024-01-26 07:00:00,62.97,73.0075,71.98
2024-01-26 08:00:00,64.94,79.0975,77.45
2024-01-26 09:00:00,63.8,76.97749999999999,80.1
2024-01-26 10:00:00,61.22,71.025,71.34
2024-01-26 11:00:00,58.74,65.72,58.94
2024-01-26 12:00:00,52.28,57.269999999999996,52.08
2024-01-26 13:00:00,46.47,52.5075,46.3
2024-01-26 14:00:00,49.28,51.292500000000004,50.0
2024-01-26 15:00:00,50.11,56.1875,51.17
2024-01-26 16:00:00,52.74,64.1125,75.0
2024-01-26 17:00:00,57.37,74.3375,95.0
2024-01-26 18:00:00,55.28,75.7575,135.57
2024-01-26 19:00:00,54.53,73.785,111.12
2024-01-26 20:00:00,54.32,70.0025,95.8
2024-01-26 21:00:00,54.35,63.17,82.0
2024-01-26 22:00:00,54.39,57.8675,84.2
2024-01-26 23:00:00,53.71,54.3975,79.36
2024-01-27 00:00:00,54.44,53.2925,74.5
2024-01-27 01:00:00,55.03,53.1,68.9
2024-01-27 02:00:00,56.21,50.56999999999999,65.9
2024-01-27 03:00:00,55.05,50.935,59.0
2024-01-27 04:00:00,55.74,52.73,56.49
2024-01-27 05:00:00,56.83,53.535000000000004,58.58
2024-01-27 06:00:00,57.24,58.7225,59.98
2024-01-27 07:00:00,57.86,61.19499999999999,66.9
2024-01-27 08:00:00,58.13,68.0625,86.76
2024-01-27 09:00:00,58.5,66.93,86.2
2024-01-27 10:00:00,58.2,62.2625,80.17
2024-01-27 11:00:00,56.61,60.872499999999995,60.33
2024-01-27 12:00:00,55.84,54.7725,55.84
2024-01-27 13:00:00,53.88,53.81,53.88
2024-01-27 14:00:00,59.14,56.9875,59.73
2024-01-27 15:00:00,57.95,67.96000000000001,78.2
2024-01-27 16:00:00,58.93,76.14,82.4
2024-01-27 17:00:00,61.75,86.4425,91.22
2024-01-27 18:00:00,61.31,92.355,95.97
2024-01-27 19:00:00,59.43,90.33,92.62
2024-01-27 20:00:00,58.21,83.295,84.43
2024-01-27 21:00:00,57.85,77.5975,75.96
2024-01-27 22:00:00,57.73,74.3775,75.97
2024-01-27 23:00:00,57.61,70.56,72.7
2024-01-28 00:00:00,66.77,68.5875,66.77
2024-01-28 01:00:00,58.8,66.1,60.7
2024-01-28 02:00:00,58.26,64.4,59.1
2024-01-28 03:00:00,57.72,59.925,58.89
2024-01-28 04:00:00,57.87,60.11,59.97
2024-01-28 05:00:00,57.63,60.15,62.41
2024-01-28 06:00:00,57.72,61.50749999999999,59.32
2024-01-28 07:00:00,58.98,65.245,58.98
2024-01-28 08:00:00,59.2,68.0325,59.2
2024-01-28 09:00:00,55.08,66.45,55.22
2024-01-28 10:00:00,51.16,57.0625,51.35
2024-01-28 11:00:00,45.75,51.575,45.51
2024-01-28 12:00:00,41.58,48.1025,41.24
2024-01-28 13:00:00,40.09,45.917500000000004,40.25
2024-01-28 14:00:00,50.65,50.195,49.71
2024-01-28 15:00:00,56.41,56.545,54.9
2024-01-28 16:00:00,57.93,67.5625,66.29
2024-01-28 17:00:00,57.86,75.875,76.42
2024-01-28 18:00:00,57.33,79.4125,74.7
2024-01-28 19:00:00,56.61,80.05250000000001,70.16
2024-01-28 20:00:00,54.34,71.0175,68.61
2024-01-28 21:00:00,53.79,66.12,57.57
2024-01-28 22:00:00,53.71,64.715,59.66
2024-01-28 23:00:00,52.69,59.527499999999996,56.0
2024-01-29 00:00:00,48.74,47.525,49.97
2024-01-29 01:00:00,47.26,45.91,47.26
2024-01-29 02:00:00,48.12,45.4975,48.12
2024-01-29 03:00:00,47.97,43.942499999999995,47.97
2024-01-29 04:00:00,51.58,48.8975,51.58
2024-01-29 05:00:00,55.42,57.135,60.06
2024-01-29 06:00:00,53.72,72.0025,80.15
2024-01-29 07:00:00,62.02,83.75999999999999,92.69
2024-01-29 08:00:00,83.23,88.38749999999999,99.2
2024-01-29 09:00:00,88.39,85.8,88.39
2024-01-29 10:00:00,78.9,73.7975,78.9
2024-01-29 11:00:00,71.27,66.765,71.27
2024-01-29 12:00:00,70.24,63.155,70.24
2024-01-29 13:00:00,74.99,65.0925,74.87
2024-01-29 14:00:00,82.55,71.575,81.99
2024-01-29 15:00:00,97.6,78.385,95.67
2024-01-29 16:00:00,108.43,90.5575,104.79
2024-01-29 17:00:00,127.42,102.8625,120.2
2024-01-29 18:00:00,117.3,103.1625,115.92
2024-01-29 19:00:00,107.52,99.17500000000001,107.52
2024-01-29 20:00:00,91.98,90.39,90.95
2024-01-29 21:00:00,86.79,81.2525,85.66
2024-01-29 22:00:00,83.42,76.3475,83.25
2024-01-29 23:00:00,80.29,68.275,80.29
2024-01-30 00:00:00,71.94,70.5525,71.94
2024-01-30 01:00:00,68.79,68.9325,68.76
2024-01-30 02:00:00,69.37,67.255,69.37
2024-01-30 03:00:00,67.44,63.965,67.09
2024-01-30 04:00:00,67.18,64.77250000000001,66.63
2024-01-30 05:00:00,69.37,68.59,69.37
2024-01-30 06:00:00,68.67,80.025,78.61
2024-01-30 07:00:00,75.29,89.25999999999999,90.77
2024-01-30 08:00:00,83.51,95.32,95.94
2024-01-30 09:00:00,84.67,88.16,84.93
2024-01-30 10:00:00,77.15,81.25999999999999,77.15
2024-01-30 11:00:00,65.36,76.0825,70.1
2024-01-30 12:00:00,63.81,71.775,68.1
2024-01-30 13:00:00,63.69,72.1325,68.23
2024-01-30 14:00:00,64.02,74.2075,71.93
2024-01-30 15:00:00,62.64,77.18,78.6
2024-01-30 16:00:00,63.73,81.13499999999999,81.97
2024-01-30 17:00:00,71.9,90.0025,88.36
2024-01-30 18:00:00,61.42,95.4325,99.38
2024-01-30 19:00:00,58.45,91.4525,110.41
2024-01-30 20:00:00,56.72,84.64,89.9
2024-01-30 21:00:00,53.92,78.69749999999999,80.12
2024-01-30 22:00:00,53.56,74.0725,82.45
2024-01-30 23:00:00,53.25,69.6975,77.3
2024-01-31 00:00:00,51.61,65.63,78.9
2024-01-31 01:00:00,51.38,62.3525,74.03
2024-01-31 02:00:00,51.26,61.4025,70.89
2024-01-31 03:00:00,51.06,62.417500000000004,69.82
2024-01-31 04:00:00,51.39,64.935,69.17
2024-01-31 05:00:00,50.81,69.875,73.86
2024-01-31 06:00:00,55.01,81.22,84.77
2024-01-31 07:00:00,56.91,95.74000000000001,105.17
2024-01-31 08:00:00,57.9,99.05,120.0
2024-01-31 09:00:00,56.6,92.39,93.53
2024-01-31 10:00:00,55.66,85.33333333333333,82.98
2024-01-31 11:00:00,53.71,75.76,77.09
2024-01-31 12:00:00,53.73,69.09,74.91
2024-01-31 13:00:00,46.42,67.0,67.5
2024-01-31 14:00:00,40.05,68.81,66.8
2024-01-31 15:00:00,39.97,72.4975,73.94
2024-01-31 16:00:00,39.92,78.1,78.55
2024-01-31 17:00:00,49.36,83.7175,85.65
2024-01-31 18:00:00,46.99,87.2025,85.5
2024-01-31 19:00:00,41.24,82.195,69.2
2024-01-31 20:00:00,36.8,68.5,62.78
2024-01-31 21:00:00,34.1,58.13,58.18
2024-01-31 22:00:00,33.53,53.8525,54.0
2024-01-31 23:00:00,39.73,44.4275,40.57
2024-02-01 00:00:00,47.06,38.785,48.0
2024-02-01 01:00:00,41.12,38.19,42.37
2024-02-01 02:00:00,42.16,36.129999999999995,43.04
2024-02-01 03:00:00,43.05,36.3425,43.94
2024-02-01 04:00:00,46.91,40.49,47.63
2024-02-01 05:00:00,49.39,52.1325,56.06
2024-02-01 06:00:00,50.35,64.2025,69.2
2024-02-01 07:00:00,52.27,77.1375,86.37
2024-02-01 08:00:00,52.68,89.035,99.76
2024-02-01 09:00:00,52.13,84.7975,92.77
2024-02-01 10:00:00,51.49,77.9825,83.71
2024-02-01 11:00:00,50.83,65.9375,75.5
2024-02-01 12:00:00,50.86,62.6525,67.6
2024-02-01 13:00:00,50.42,56.1,57.26
2024-02-01 14:00:00,50.4,63.92,71.2
2024-02-01 15:00:00,49.59,71.8375,87.5
2024-02-01 16:00:00,51.45,81.455,84.0
2024-02-01 17:00:00,54.93,87.83,112.62
2024-02-01 18:00:00,55.07,95.2325,113.0
2024-02-01 19:00:00,55.06,96.045,98.03
2024-02-01 20:00:00,55.03,84.2025,90.81
2024-02-01 21:00:00,54.93,76.89750000000001,83.34
2024-02-01 22:00:00,54.79,75.02000000000001,81.91
2024-02-01 23:00:00,54.32,67.855,73.42
2024-02-02 00:00:00,55.74,65.92999999999999,64.32
2024-02-02 01:00:00,54.96,61.699999999999996,59.95
2024-02-02 02:00:00,53.98,58.7,58.0
2024-02-02 03:00:00,52.94,57.33,54.69
2024-02-02 04:00:00,51.58,57.3575,53.14
2024-02-02 05:00:00,53.09,58.629999999999995,55.13
2024-02-02 06:00:00,54.19,70.785,66.49
2024-02-02 07:00:00,57.82,82.3725,77.91
2024-02-02 08:00:00,59.84,92.4125,89.61
2024-02-02 09:00:00,58.1,85.7175,86.21
2024-02-02 10:00:00,56.74,79.495,80.8
2024-02-02 11:00:00,54.01,73.5875,75.17
2024-02-02 12:00:00,53.52,66.3925,64.89
2024-02-02 13:00:00,53.18,58.84,62.56
2024-02-02 14:00:00,51.59,57.0975,63.7
2024-02-02 15:00:00,51.42,59.44,67.7
2024-02-02 16:00:00,51.69,60.817499999999995,80.0
2024-02-02 17:00:00,52.97,69.82,88.47
2024-02-02 18:00:00,53.21,71.24,99.97
2024-02-02 19:00:00,51.74,65.6075,82.0
2024-02-02 20:00:00,51.17,59.565,73.3
2024-02-02 21:00:00,49.68,50.8125,70.0
2024-02-02 22:00:00,46.03,48.495,63.15
2024-02-02 23:00:00,36.05,40.785,54.84
2024-02-03 00:00:00,24.74,21.9,49.68
2024-02-03 01:00:00,12.85,17.39,43.08
2024-02-03 02:00:00,6.73,13.165,34.9
2024-02-03 03:00:00,10.51,10.175,14.0
2024-02-03 04:00:00,8.53,10.102500000000001,10.98
2024-02-03 05:00:00,8.8,7.242500000000001,11.4
2024-02-03 06:00:00,16.48,18.55,16.48
2024-02-03 07:00:00,34.17,27.9,36.43
2024-02-03 08:00:00,45.99,36.3125,46.91
2024-02-03 09:00:00,45.97,42.91,67.48
2024-02-03 10:00:00,35.62,42.595,66.0
2024-02-03 11:00:00,30.42,38.0,58.02
2024-02-03 12:00:00,30.58,33.56,51.0
2024-02-03 13:00:00,30.62,29.9825,47.9
2024-02-03 14:00:00,40.74,30.692500000000003,42.53
2024-02-03 15:00:00,43.7,32.2325,44.71
2024-02-03 16:00:00,49.36,44.6875,50.58
2024-02-03 17:00:00,57.83,55.94,67.4
2024-02-03 18:00:00,57.3,60.7425,106.0
2024-02-03 19:00:00,56.19,62.6175,96.0
2024-02-03 20:00:00,53.74,48.0525,72.45
2024-02-03 21:00:00,51.21,41.5975,63.1
2024-02-03 22:00:00,50.81,38.275,51.41
2024-02-03 23:00:00,38.71,32.7975,40.0
2024-02-04 00:00:00,35.3,17.8925,42.5
2024-02-04 01:00:00,10.04,6.779999999999999,32.22
2024-02-04 02:00:00,3.23,5.0125,6.9
2024-02-04 03:00:00,0.68,2.7825,0.72
2024-02-04 04:00:00,0.0,1.37,0.0
2024-02-04 05:00:00,,1.1575000000000002,
2024-02-04 06:00:00,,1.1649999999999998,
2024-02-04 07:00:00,1.05,2.8474999999999997,4.4
2024-02-04 08:00:00,8.87,5.0200000000000005,11.88
2024-02-04 09:00:00,9.83,5.535,27.5
2024-02-04 10:00:00,10.87,5.1425,40.0
2024-02-04 11:00:00,12.81,5.885,26.67
2024-02-04 12:00:00,13.82,5.025,19.79
2024-02-04 13:00:00,5.07,2.5175000000000005,5.07
2024-02-04 14:00:00,9.83,3.3975,14.0
2024-02-04 15:00:00,15.72,2.7175,31.68
2024-02-04 16:00:00,18.43,8.209999999999999,41.2
2024-02-04 17:00:00,38.91,22.8625,63.5
2024-02-04 18:00:00,46.01,28.405,85.81
2024-02-04 19:00:00,36.17,26.087500000000002,70.9
2024-02-04 20:00:00,29.05,23.04,53.6
2024-02-04 21:00:00,24.52,20.060000000000002,54.89
2024-02-04 22:00:00,24.44,20.0425,49.74
2024-02-04 23:00:00,16.99,14.67,34.98
2024-02-05 00:00:00,1.63,19.36,1.63
2024-02-05 01:00:00,0.1,13.1625,0.1
2024-02-05 02:00:00,,12.765,
2024-02-05 03:00:00,0.22,14.3625,0.22
2024-02-05 04:00:00,0.08,20.58,0.08
2024-02-05 05:00:00,1.65,36.1725,1.65
2024-02-05 06:00:00,38.97,60.0,41.23
2024-02-05 07:00:00,58.91,79.89,85.0
2024-02-05 08:00:00,62.32,86.2825,106.6
2024-02-05 09:00:00,56.86,79.9,78.7
2024-02-05 10:00:00,53.82,73.18,55.2
2024-02-05 11:00:00,46.27,64.3325,44.89
2024-02-05 12:00:00,48.02,59.6175,34.8
2024-02-05 13:00:00,48.54,53.61,45.5
2024-02-05 14:00:00,53.98,52.78,54.0
2024-02-05 15:00:00,55.79,58.477500000000006,55.79
2024-02-05 16:00:00,60.72,68.8675,65.0
2024-02-05 17:00:00,68.47,84.135,86.21
2024-02-05 18:00:00,68.78,81.335,97.55
2024-02-05 19:00:00,61.84,72.0025,80.1
2024-02-05 20:00:00,60.48,61.52,69.96
2024-02-05 21:00:00,59.65,54.582499999999996,59.91
2024-02-05 22:00:00,56.3,49.7975,56.04
2024-02-05 23:00:00,47.41,39.1,47.41
2024-02-06 00:00:00,35.46,31.27,35.46
2024-02-06 01:00:00,28.2,21.9225,28.2
2024-02-06 02:00:00,10.0,15.3625,10.0
2024-02-06 03:00:00,4.98,12.094999999999999,4.98
2024-02-06 04:00:00,3.11,11.76,3.11
2024-02-06 05:00:00,20.09,21.6825,20.09
2024-02-06 06:00:00,50.0,44.5075,50.0
2024-02-06 07:00:00,68.16,62.61,69.22
2024-02-06 08:00:00,62.0,65.1025,88.2
2024-02-06 09:00:00,61.35,59.235,87.3
2024-02-06 10:00:00,58.68,51.115,87.1
2024-02-06 11:00:00,58.36,45.105,76.5
2024-02-06 12:00:00,59.09,36.295,64.9
2024-02-06 13:00:00,58.24,31.8275,59.94
2024-02-06 14:00:00,60.02,37.2625,63.86
2024-02-06 15:00:00,60.06,50.095,63.9
2024-02-06 16:00:00,60.82,51.595,64.7
2024-02-06 17:00:00,62.97,57.4875,80.0
2024-02-06 18:00:00,61.96,63.3425,99.26
2024-02-06 19:00:00,61.16,61.7125,94.89
2024-02-06 20:00:00,59.14,57.13,71.0
2024-02-06 21:00:00,56.44,52.135,62.62
2024-02-06 22:00:00,56.52,48.71,57.11
2024-02-06 23:00:00,53.3,42.129999999999995,53.3
2024-02-07 00:00:00,41.17,33.0875,41.17
2024-02-07 01:00:00,37.17,25.725,44.8
2024-02-07 02:00:00,43.26,26.3025,49.9
2024-02-07 03:00:00,46.59,29.675000000000004,60.98
2024-02-07 04:00:00,54.47,38.167500000000004,61.0
2024-02-07 05:00:00,59.63,50.545,65.6
2024-02-07 06:00:00,74.83,65.25999999999999,75.9
2024-02-07 07:00:00,86.67,79.3375,88.6
2024-02-07 08:00:00,87.0,84.45750000000001,94.9
2024-02-07 09:00:00,85.53,83.26,96.9
2024-02-07 10:00:00,81.17,79.93,81.88
2024-02-07 11:00:00,78.01,78.9475,78.66
2024-02-07 12:00:00,75.82,77.905,75.0
2024-02-07 13:00:00,78.29,78.485,73.8
2024-02-07 14:00:00,77.32,84.375,75.38
2024-02-07 15:00:00,86.74,90.2975,85.3
2024-02-07 16:00:00,97.3,104.375,93.03
2024-02-07 17:00:00,120.05,122.175,119.64
2024-02-07 18:00:00,136.22,126.62,135.8
2024-02-07 19:00:00,109.7,116.92999999999999,110.32
2024-02-07 20:00:00,99.91,98.07249999999999,98.0
2024-02-07 21:00:00,87.65,87.8175,83.56
2024-02-07 22:00:00,83.63,83.3625,79.01
2024-02-07 23:00:00,79.21,78.94500000000001,79.21
2024-02-08 00:00:00,73.7,78.84,73.7
2024-02-08 01:00:00,73.2,77.02250000000001,73.2
2024-02-08 02:00:00,72.15,76.9125,72.15
2024-02-08 03:00:00,71.18,75.66499999999999,68.63
2024-02-08 04:00:00,70.95,77.3875,66.69
2024-02-08 05:00:00,75.98,82.935,71.71
2024-02-08 06:00:00,87.08,95.1125,82.06
2024-02-08 07:00:00,110.0,113.2825,104.49
2024-02-08 08:00:00,133.15,126.86,131.91
2024-02-08 09:00:00,113.55,112.7675,112.37
2024-02-08 10:00:00,97.79,109.525,98.02
2024-02-08 11:00:00,91.87,98.0125,89.55
2024-02-08 12:00:00,89.38,93.9675,84.01
2024-02-08 13:00:00,90.98,93.0325,85.52
2024-02-08 14:00:00,94.9,92.2275,83.32
2024-02-08 15:00:00,94.38,93.6725,84.0
2024-02-08 16:00:00,93.01,97.9625,76.81
2024-02-08 17:00:00,103.0,103.2375,77.2
2024-02-08 18:00:00,94.67,99.525,84.0
2024-02-08 19:00:00,86.06,88.9,81.5
2024-02-08 20:00:00,83.2,80.61,77.57
2024-02-08 21:00:00,80.61,77.11,75.0
2024-02-08 22:00:00,75.6,74.75,70.82
2024-02-08 23:00:00,65.98,64.73,61.64
2024-02-09 00:00:00,60.43,64.995,60.36
2024-02-09 01:00:00,58.61,56.46,52.16
2024-02-09 02:00:00,55.74,53.925,47.15
2024-02-09 03:00:00,51.61,52.1325,42.1
2024-02-09 04:00:00,49.96,51.6025,41.3
2024-02-09 05:00:00,51.41,54.1525,44.88
2024-02-09 06:00:00,52.57,62.275,52.88
2024-02-09 07:00:00,63.02,76.13,63.7
2024-02-09 08:00:00,62.19,81.3675,67.89
2024-02-09 09:00:00,63.76,78.7125,67.83
2024-02-09 10:00:00,65.41,73.675,68.82
2024-02-09 11:00:00,65.35,71.575,67.61
2024-02-09 12:00:00,63.84,68.69749999999999,64.55
2024-02-09 13:00:00,62.89,65.0275,63.7
2024-02-09 14:00:00,68.68,68.425,68.68
2024-02-09 15:00:00,68.09,76.57,75.46
2024-02-09 16:00:00,68.75,81.9175,82.38
2024-02-09 17:00:00,74.22,88.6325,92.49
2024-02-09 18:00:00,75.94,90.44999999999999,94.29
2024-02-09 19:00:00,70.94,84.35,87.1
2024-02-09 20:00:00,67.25,80.11,80.54
2024-02-09 21:00:00,66.15,78.42750000000001,75.22
2024-02-09 22:00:00,64.96,75.3675,74.91
2024-02-09 23:00:00,63.28,68.7775,70.94
2024-02-10 00:00:00,61.14,67.31,63.1
2024-02-10 01:00:00,62.03,64.005,64.08
2024-02-10 02:00:00,62.34,62.09,64.4
2024-02-10 03:00:00,62.33,60.432500000000005,64.39
2024-02-10 04:00:00,62.35,60.8725,64.41
2024-02-10 05:00:00,63.35,63.352500000000006,65.82
2024-02-10 06:00:00,62.64,65.7475,70.91
2024-02-10 07:00:00,63.26,73.6875,74.86
2024-02-10 08:00:00,64.74,75.79,77.7
2024-02-10 09:00:00,65.72,75.25,80.38
2024-02-10 10:00:00,67.47,71.10249999999999,75.4
2024-02-10 11:00:00,67.27,68.03,70.42
2024-02-10 12:00:00,66.18,64.7425,68.5
2024-02-10 13:00:00,65.12,64.77250000000001,66.72
2024-02-10 14:00:00,66.91,66.52,69.53
2024-02-10 15:00:00,68.01,71.64750000000001,77.17
2024-02-10 16:00:00,68.92,80.62,85.05
2024-02-10 17:00:00,88.4,86.4725,89.9
2024-02-10 18:00:00,85.27,86.465,113.6
2024-02-10 19:00:00,69.06,81.9975,89.0
2024-02-10 20:00:00,65.28,76.1125,74.4
2024-02-10 21:00:00,64.18,71.945,70.0
2024-02-10 22:00:00,63.38,68.5625,77.21
2024-02-10 23:00:00,61.93,64.4325,64.32
2024-02-11 00:00:00,55.48,52.6275,68.8
2024-02-11 01:00:00,53.67,51.125,59.3
2024-02-11 02:00:00,52.6,50.0,52.6
2024-02-11 03:00:00,46.83,46.28,46.83
2024-02-11 04:00:00,43.64,44.5275,46.51
2024-02-11 05:00:00,46.25,45.83,46.25
2024-02-11 06:00:00,49.19,45.6,56.4
2024-02-11 07:00:00,53.16,48.275000000000006,63.03
2024-02-11 08:00:00,55.06,55.545,71.0
2024-02-11 09:00:00,57.97,60.1125,66.1
2024-02-11 10:00:00,61.16,59.9825,68.4
2024-02-11 11:00:00,63.97,55.76,65.46
2024-02-11 12:00:00,63.05,54.1175,64.34
2024-02-11 13:00:00,61.73,55.47,63.38
2024-02-11 14:00:00,63.33,56.4975,64.06
2024-02-11 15:00:00,66.02,60.685,68.22
2024-02-11 16:00:00,70.69,68.735,72.24
2024-02-11 17:00:00,78.34,78.0475,79.72
2024-02-11 18:00:00,80.58,80.425,112.0
2024-02-11 19:00:00,74.95,78.91,96.8
2024-02-11 20:00:00,76.59,73.7675,77.03
2024-02-11 21:00:00,69.93,68.3275,70.72
2024-02-11 22:00:00,67.86,67.0675,68.39
2024-02-11 23:00:00,63.88,58.295,64.01
2024-02-12 00:00:00,64.35,61.923333333333325,64.35
2024-02-12 01:00:00,61.59,55.21,61.65
2024-02-12 02:00:00,60.65,51.97,60.73
2024-02-12 03:00:00,59.39,51.735,59.47
2024-02-12 04:00:00,59.21,52.94,59.21
2024-02-12 05:00:00,65.0,59.8375,65.0
2024-02-12 06:00:00,76.0,68.87,76.0
2024-02-12 07:00:00,85.41,86.35,85.41
2024-02-12 08:00:00,104.0,88.2525,104.0
2024-02-12 09:00:00,96.5,82.45,96.5
2024-02-12 10:00:00,85.47,77.7575,85.47
2024-02-12 11:00:00,79.14,63.62,79.09
2024-02-12 12:00:00,67.37,56.71333333333333,67.42
2024-02-12 13:00:00,63.75,57.2475,63.86
2024-02-12 14:00:00,63.95,61.36,64.13
2024-02-12 15:00:00,66.4,70.3775,66.65
2024-02-12 16:00:00,78.42,82.56,77.1
2024-02-12 17:00:00,93.9,91.0025,90.69
2024-02-12 18:00:00,96.0,104.24,96.0
2024-02-12 19:00:00,89.08,95.66,89.08
2024-02-12 20:00:00,79.15,84.9025,79.15
2024-02-12 21:00:00,71.54,73.7025,71.54
2024-02-12 22:00:00,65.65,67.345,65.87
2024-02-12 23:00:00,61.73,60.894999999999996,61.9
2024-02-13 00:00:00,66.31,65.46000000000001,68.59
2024-02-13 01:00:00,65.37,62.565,65.37
2024-02-13 02:00:00,63.41,62.425000000000004,63.41
2024-02-13 03:00:00,60.49,60.730000000000004,60.49
2024-02-13 04:00:00,60.06,60.86,60.06
2024-02-13 05:00:00,62.7,64.10249999999999,63.59
2024-02-13 06:00:00,66.15,74.13,70.7
2024-02-13 07:00:00,75.68,84.63,82.32
2024-02-13 08:00:00,88.75,90.2475,89.1
2024-02-13 09:00:00,74.96,81.7775,75.12
2024-02-13 10:00:00,69.21,75.76,69.21
2024-02-13 11:00:00,63.87,67.22749999999999,63.87
2024-02-13 12:00:00,60.53,61.09,60.53
2024-02-13 13:00:00,60.26,59.9275,60.26
2024-02-13 14:00:00,63.1,64.67,63.1
2024-02-13 15:00:00,70.7,71.0,70.7
2024-02-13 16:00:00,77.92,81.685,77.92
2024-02-13 17:00:00,94.93,91.88,91.79
2024-02-13 18:00:00,99.52,96.15,99.2
2024-02-13 19:00:00,90.99,90.485,91.13
2024-02-13 20:00:00,77.97,82.27000000000001,78.2
2024-02-13 21:00:00,71.86,76.12,72.18
2024-02-13 22:00:00,68.39,72.44,68.53
2024-02-13 23:00:00,64.74,66.4875,64.78
2024-02-14 00:00:00,60.63,63.08,60.63
2024-02-14 01:00:00,59.34,60.667500000000004,59.34
2024-02-14 02:00:00,55.76,58.9925,55.76
2024-02-14 03:00:00,54.79,57.902499999999996,54.79
2024-02-14 04:00:00,55.06,57.730000000000004,55.06
2024-02-14 05:00:00,58.43,58.7125,58.5
2024-02-14 06:00:00,63.23,65.98750000000001,63.52
2024-02-14 07:00:00,72.74,75.4525,72.98
2024-02-14 08:00:00,79.73,82.08500000000001,79.89
2024-02-14 09:00:00,69.65,77.2125,69.65
2024-02-14 10:00:00,63.86,72.3625,63.86
2024-02-14 11:00:00,63.29,69.56,63.29
2024-02-14 12:00:00,62.63,65.955,62.16
2024-02-14 13:00:00,63.82,65.1925,61.91
2024-02-14 14:00:00,69.03,68.165,67.29
2024-02-14 15:00:00,72.23,72.47749999999999,70.69
2024-02-14 16:00:00,78.54,75.585,75.99
2024-02-14 17:00:00,82.97,83.2025,81.65
2024-02-14 18:00:00,87.58,84.11,87.67
2024-02-14 19:00:00,84.47,83.0275,84.58
2024-02-14 20:00:00,76.48,76.87,76.6
2024-02-14 21:00:00,69.68,72.2325,69.71
2024-02-14 22:00:00,68.2,68.6125,68.2
2024-02-14 23:00:00,63.8,65.5,63.8
2024-02-15 00:00:00,61.71,61.4375,61.67
2024-02-15 01:00:00,61.13,59.61,60.55
2024-02-15 02:00:00,60.3,58.1,59.41
2024-02-15 03:00:00,59.75,58.045,58.33
2024-02-15 04:00:00,61.94,59.9525,59.63
2024-02-15 05:00:00,64.48,64.77,63.43
2024-02-15 06:00:00,72.21,72.6725,70.14
2024-02-15 07:00:00,81.57,82.88,79.8
2024-02-15 08:00:00,82.67,85.2475,82.06
2024-02-15 09:00:00,78.76,80.15,77.84
2024-02-15 10:00:00,74.18,76.6075,73.51
2024-02-15 11:00:00,69.96,72.0025,68.51
2024-02-15 12:00:00,66.63,68.8575,64.8
2024-02-15 13:00:00,66.19,67.9675,63.85
2024-02-15 14:00:00,69.91,70.0025,66.84
2024-02-15 15:00:00,75.05,75.21,71.27
2024-02-15 16:00:00,78.73,78.8,74.11
2024-02-15 17:00:00,84.89,87.5,82.44
2024-02-15 18:00:00,86.91,91.815,84.54
2024-02-15 19:00:00,75.61,84.09,75.13
2024-02-15 20:00:00,69.56,77.4375,69.56
2024-02-15 21:00:00,62.68,70.30499999999999,62.68
2024-02-15 22:00:00,62.66,67.7475,62.66
2024-02-15 23:00:00,58.91,63.302499999999995,58.64
2024-02-16 00:00:00,51.76,53.6175,51.76
2024-02-16 01:00:00,51.08,52.1875,51.08
2024-02-16 02:00:00,49.92,50.3625,49.92
2024-02-16 03:00:00,48.81,48.8175,48.81
2024-02-16 04:00:00,51.38,49.245000000000005,51.38
2024-02-16 05:00:00,53.53,54.207499999999996,52.2
2024-02-16 06:00:00,55.66,61.76,57.5
2024-02-16 07:00:00,61.39,70.60249999999999,68.88
2024-02-16 08:00:00,63.13,73.08,70.5
2024-02-16 09:00:00,61.13,66.86,68.0
2024-02-16 10:00:00,54.37,58.8625,61.2
2024-02-16 11:00:00,53.0,57.870000000000005,68.8
2024-02-16 12:00:00,52.33,55.0775,65.0
2024-02-16 13:00:00,52.31,52.6375,61.2
2024-02-16 14:00:00,53.78,54.8825,63.04
2024-02-16 15:00:00,58.98,59.397499999999994,64.96
2024-02-16 16:00:00,58.18,66.6525,70.0
2024-02-16 17:00:00,59.09,73.1125,72.06
2024-02-16 18:00:00,58.0,75.66,79.73
2024-02-16 19:00:00,56.58,73.045,80.75
2024-02-16 20:00:00,54.7,69.7775,74.53
2024-02-16 21:00:00,54.49,65.4175,70.0
2024-02-16 22:00:00,53.62,62.9925,
2024-02-16 23:00:00,53.59,57.8925,65.7
2024-02-17 00:00:00,51.41,62.205,68.5
2024-02-17 01:00:00,48.54,59.79,62.64
2024-02-17 02:00:00,50.3,57.82,68.0
2024-02-17 03:00:00,51.36,56.4475,64.9
2024-02-17 04:00:00,52.88,56.1275,64.89
2024-02-17 05:00:00,53.76,56.8,73.28
2024-02-17 06:00:00,54.14,59.2025,60.6
2024-02-17 07:00:00,56.9,64.5325,68.7
2024-02-17 08:00:00,64.27,67.06,75.3
2024-02-17 09:00:00,63.29,65.39,84.52
2024-02-17 10:00:00,62.02,62.0975,67.0
2024-02-17 11:00:00,60.69,58.95,60.83
2024-02-17 12:00:00,58.26,58.7525,58.24
2024-02-17 13:00:00,55.25,59.0575,55.25
2024-02-17 14:00:00,59.09,60.0,59.1
2024-02-17 15:00:00,67.07,65.595,67.07
2024-02-17 16:00:00,73.22,72.4275,70.8
2024-02-17 17:00:00,87.93,86.06,85.01
2024-02-17 18:00:00,110.06,94.3725,105.68
2024-02-17 19:00:00,90.28,88.0,89.51
2024-02-17 20:00:00,80.93,79.265,80.15
2024-02-17 21:00:00,74.57,73.5675,74.16
2024-02-17 22:00:00,72.44,70.4575,72.06
2024-02-17 23:00:00,69.11,66.455,69.11
2024-02-18 00:00:00,62.38,64.985,62.13
2024-02-18 01:00:00,54.81,61.1225,54.81
2024-02-18 02:00:00,51.44,58.6275,51.4
2024-02-18 03:00:00,50.32,50.8175,50.22
2024-02-18 04:00:00,50.19,50.8025,50.0
2024-02-18 05:00:00,48.47,49.5925,48.47
2024-02-18 06:00:00,46.02,50.325,46.02
2024-02-18 07:00:00,48.97,50.8875,48.97
2024-02-18 08:00:00,47.28,51.94,47.28
2024-02-18 09:00:00,43.03,53.07,43.03
2024-02-18 10:00:00,40.45,48.72,40.45
2024-02-18 11:00:00,41.0,42.3775,41.0
2024-02-18 12:00:00,40.1,40.2975,50.0
2024-02-18 13:00:00,39.88,40.2875,50.17
2024-02-18 14:00:00,42.87,46.1225,64.6
2024-02-18 15:00:00,54.29,51.434999999999995,66.93
2024-02-18 16:00:00,62.87,60.86,62.87
2024-02-18 17:00:00,72.0,68.8125,72.0
2024-02-18 18:00:00,73.66,73.50999999999999,84.1
2024-02-18 19:00:00,70.59,72.0175,70.59
2024-02-18 20:00:00,64.71,67.4875,64.71
2024-02-18 21:00:00,59.83,63.6725,59.83
2024-02-18 22:00:00,57.33,62.8725,57.33
2024-02-18 23:00:00,53.94,57.5275,53.94
2024-02-19 00:00:00,44.0,53.322500000000005,44.0
2024-02-19 01:00:00,43.04,50.5475,48.32
2024-02-19 02:00:00,44.21,45.1975,46.46
2024-02-19 03:00:00,43.91,45.1925,43.91
2024-02-19 04:00:00,44.92,47.7075,44.92
2024-02-19 05:00:00,51.57,55.510000000000005,51.57
2024-02-19 06:00:00,68.6,67.1925,68.63
2024-02-19 07:00:00,79.09,76.17750000000001,79.12
2024-02-19 08:00:00,83.84,79.95,83.87
2024-02-19 09:00:00,75.03,74.605,75.06
2024-02-19 10:00:00,70.83,67.15,70.88
2024-02-19 11:00:00,69.13,64.0775,69.22
2024-02-19 12:00:00,62.47,60.1675,62.47
2024-02-19 13:00:00,60.01,58.807500000000005,59.97
2024-02-19 14:00:00,64.38,59.375,64.18
2024-02-19 15:00:00,66.6,65.8125,66.8
2024-02-19 16:00:00,69.79,73.51,69.86
2024-02-19 17:00:00,76.25,81.2525,76.15
2024-02-19 18:00:00,97.65,80.9175,99.89
2024-02-19 19:00:00,79.98,74.325,80.02
2024-02-19 20:00:00,68.92,71.005,71.92
2024-02-19 21:00:00,56.15,71.4,67.49
2024-02-19 22:00:00,53.47,67.075,66.27
2024-02-19 23:00:00,53.77,64.75750000000001,59.07
2024-02-20 00:00:00,58.06,,58.06
2024-02-20 01:00:00,54.15,,54.32
2024-02-20 02:00:00,53.79,,53.96
2024-02-20 03:00:00,53.37,,56.0
2024-02-20 04:00:00,51.72,,53.0
2024-02-20 05:00:00,52.35,,54.81
2024-02-20 06:00:00,66.59,,71.05
2024-02-20 07:00:00,86.07,,86.07
2024-02-20 08:00:00,89.63,,89.63
2024-02-20 09:00:00,78.55,,78.77
2024-02-20 10:00:00,69.84,,69.85
2024-02-20 11:00:00,60.88,,60.92
2024-02-20 12:00:00,53.52,,53.52
2024-02-20 13:00:00,51.42,,51.51
2024-02-20 14:00:00,51.79,,51.86
2024-02-20 15:00:00,54.81,,55.89
2024-02-20 16:00:00,57.6,,62.28
2024-02-20 17:00:00,68.77,,68.98
2024-02-20 18:00:00,67.49,,70.86
2024-02-20 19:00:00,55.65,,70.76
2024-02-20 20:00:00,52.57,,67.76
2024-02-20 21:00:00,51.54,,57.0
2024-02-20 22:00:00,49.06,,48.44
2024-02-20 23:00:00,49.61,,49.61
2024-02-21 00:00:00,48.58,,48.58
2024-02-21 01:00:00,46.91,,46.91
2024-02-21 02:00:00,46.84,,46.86
2024-02-21 03:00:00,44.77,,44.8
2024-02-21 04:00:00,44.66,,45.43
2024-02-21 05:00:00,46.05,,50.06
2024-02-21 06:00:00,49.32,,65.01
2024-02-21 07:00:00,53.39,,79.7
2024-02-21 08:00:00,55.3,,84.05
2024-02-21 09:00:00,59.51,,69.65
2024-02-21 10:00:00,57.22,,64.1
2024-02-21 11:00:00,57.28,,60.39
2024-02-21 12:00:00,53.01,,53.01
2024-02-21 13:00:00,51.21,,51.21
2024-02-21 14:00:00,53.76,,53.76
2024-02-21 15:00:00,51.31,,64.71
2024-02-21 16:00:00,54.93,,67.1
2024-02-21 17:00:00,57.41,,68.31
2024-02-21 18:00:00,64.62,,68.38
2024-02-21 19:00:00,53.96,,61.6
2024-02-21 20:00:00,50.86,,52.52
2024-02-21 21:00:00,45.98,,46.31
2024-02-21 22:00:00,41.71,,42.04
2024-02-21 23:00:00,35.22,,35.57
2024-02-22 00:00:00,30.47,,30.87
2024-02-22 01:00:00,27.42,,27.42
2024-02-22 02:00:00,27.07,,27.5
2024-02-22 03:00:00,27.95,,29.44
2024-02-22 04:00:00,37.0,,35.51
2024-02-22 05:00:00,47.91,,46.72
2024-02-22 06:00:00,63.07,,64.26
2024-02-22 07:00:00,75.0,,75.0
2024-02-22 08:00:00,81.91,,81.91
2024-02-22 09:00:00,74.0,,74.0
2024-02-22 10:00:00,69.44,,69.44
2024-02-22 11:00:00,67.25,,67.46
2024-02-22 12:00:00,59.57,,66.9
2024-02-22 13:00:00,57.47,,66.69
2024-02-22 14:00:00,56.4,,63.49
2024-02-22 15:00:00,63.1,,63.1
2024-02-22 16:00:00,60.93,,60.93
2024-02-22 17:00:00,61.76,,61.76
2024-02-22 18:00:00,59.91,,59.95
2024-02-22 19:00:00,52.42,,60.4
2024-02-22 20:00:00,42.45,,47.92
2024-02-22 21:00:00,24.48,,43.81
2024-02-22 22:00:00,12.06,,34.9
2024-02-22 23:00:00,1.95,,20.1
2024-02-23 00:00:00,9.23,,9.28
2024-02-23 01:00:00,1.5,,1.5
2024-02-23 02:00:00,1.19,,1.19
2024-02-23 03:00:00,0.1,,0.1
2024-02-23 04:00:00,0.4,,0.4
2024-02-23 05:00:00,1.13,,1.13
2024-02-23 06:00:00,39.68,,39.96
2024-02-23 07:00:00,57.06,,57.96
2024-02-23 08:00:00,51.96,,60.8
2024-02-23 09:00:00,50.5,,53.54
2024-02-23 10:00:00,46.64,,47.1
2024-02-23 11:00:00,41.65,,42.04
2024-02-23 12:00:00,37.1,,37.27
2024-02-23 13:00:00,33.6,,32.9
2024-02-23 14:00:00,39.08,,38.0
2024-02-23 15:00:00,48.57,,49.64
2024-02-23 16:00:00,49.99,,63.21
2024-02-23 17:00:00,53.28,,73.7
2024-02-23 18:00:00,57.02,,86.44
2024-02-23 19:00:00,55.21,,84.01
2024-02-23 20:00:00,54.81,,72.97
2024-02-23 21:00:00,53.16,,69.26
2024-02-23 22:00:00,54.05,,67.98
2024-02-23 23:00:00,57.24,,65.1
2024-02-24 00:00:00,66.47,,66.47
2024-02-24 01:00:00,63.9,,63.9
2024-02-24 02:00:00,59.5,,59.5
2024-02-24 03:00:00,55.2,,55.2
2024-02-24 04:00:00,55.39,,55.39
2024-02-24 05:00:00,57.1,,57.1
2024-02-24 06:00:00,61.67,,61.67
2024-02-24 07:00:00,66.11,,66.11
2024-02-24 08:00:00,64.4,,64.4
2024-02-24 09:00:00,57.6,,57.6
2024-02-24 10:00:00,49.16,,49.19
2024-02-24 11:00:00,45.84,,45.81
2024-02-24 12:00:00,40.32,,40.32
2024-02-24 13:00:00,32.22,,32.22
2024-02-24 14:00:00,37.6,,37.6
2024-02-24 15:00:00,45.0,,45.0
2024-02-24 16:00:00,55.95,,55.96
2024-02-24 17:00:00,71.67,,72.96
2024-02-24 18:00:00,80.0,,81.95
2024-02-24 19:00:00,74.13,,74.13
2024-02-24 20:00:00,65.17,,65.17
2024-02-24 21:00:00,59.94,,59.94
2024-02-24 22:00:00,56.0,,64.02
2024-02-24 23:00:00,52.2,,63.51
2024-02-25 00:00:00,56.57,,56.57
2024-02-25 01:00:00,55.44,,55.44
2024-02-25 02:00:00,55.38,,
2024-02-25 03:00:00,54.89,,54.95
2024-02-25 04:00:00,55.19,,55.25
2024-02-25 05:00:00,55.07,,55.07
2024-02-25 06:00:00,56.71,,58.6
2024-02-25 07:00:00,59.92,,59.92
2024-02-25 08:00:00,61.58,,75.0
2024-02-25 09:00:00,61.82,,71.5
2024-02-25 10:00:00,56.31,,56.68
2024-02-25 11:00:00,54.12,,54.64
2024-02-25 12:00:00,50.0,,50.0
2024-02-25 13:00:00,46.03,,46.03
2024-02-25 14:00:00,49.84,,49.84
2024-02-25 15:00:00,55.0,,55.0
2024-02-25 16:00:00,67.8,,68.9
2024-02-25 17:00:00,82.19,,85.69
2024-02-25 18:00:00,93.69,,93.88
2024-02-25 19:00:00,79.18,,79.0
2024-02-25 20:00:00,69.99,,69.96
2024-02-25 21:00:00,65.92,,65.82
2024-02-25 22:00:00,65.23,,65.23
2024-02-25 23:00:00,58.38,,58.38
2024-02-26 00:00:00,57.83,,57.83
2024-02-26 01:00:00,56.82,,56.82
2024-02-26 02:00:00,55.7,,55.67
2024-02-26 03:00:00,51.8,,51.8
2024-02-26 04:00:00,53.3,,53.24
2024-02-26 05:00:00,57.92,,57.92
2024-02-26 06:00:00,70.02,,68.44
2024-02-26 07:00:00,79.9,,79.54
2024-02-26 08:00:00,81.6,,81.6
2024-02-26 09:00:00,73.83,,73.83
2024-02-26 10:00:00,66.65,,66.65
2024-02-26 11:00:00,65.03,,65.03
2024-02-26 12:00:00,58.42,,58.42
2024-02-26 13:00:00,58.19,,58.19
2024-02-26 14:00:00,61.29,,61.29
2024-02-26 15:00:00,64.95,,64.95
2024-02-26 16:00:00,69.99,,69.92
2024-02-26 17:00:00,77.0,,77.0
2024-02-26 18:00:00,85.32,,85.32
2024-02-26 19:00:00,81.01,,81.0
2024-02-26 20:00:00,72.21,,72.21
2024-02-26 21:00:00,65.69,,65.69
2024-02-26 22:00:00,65.21,,65.21
2024-02-26 23:00:00,60.76,,60.76
2024-02-27 00:00:00,57.62,,57.62
2024-02-27 01:00:00,57.55,,57.55
2024-02-27 02:00:00,57.35,,57.35
2024-02-27 03:00:00,56.87,,56.87
2024-02-27 04:00:00,57.35,,57.35
2024-02-27 05:00:00,63.1,,62.75
2024-02-27 06:00:00,74.31,,73.32
2024-02-27 07:00:00,95.63,,92.87
2024-02-27 08:00:00,95.78,,95.22
2024-02-27 09:00:00,80.81,,80.81
2024-02-27 10:00:00,68.71,,68.71
2024-02-27 11:00:00,64.93,,61.0
2024-02-27 12:00:00,59.26,,55.49
2024-02-27 13:00:00,59.25,,55.58
2024-02-27 14:00:00,64.71,,56.0
2024-02-27 15:00:00,72.06,,59.9
2024-02-27 16:00:00,79.82,,66.5
2024-02-27 17:00:00,98.02,,93.95
2024-02-27 18:00:00,111.8,,110.18
2024-02-27 19:00:00,105.17,,105.17
2024-02-27 20:00:00,84.36,,84.36
2024-02-27 21:00:00,72.37,,72.5
2024-02-27 22:00:00,70.27,,70.3
2024-02-27 23:00:00,64.97,,64.97
2024-02-28 00:00:00,60.36,,60.36
2024-02-28 01:00:00,59.4,,59.4
2024-02-28 02:00:00,61.34,,61.34
2024-02-28 03:00:00,63.46,,63.46
2024-02-28 04:00:00,63.74,,63.74
2024-02-28 05:00:00,67.44,,67.46
2024-02-28 06:00:00,74.3,,74.08
2024-02-28 07:00:00,98.89,,97.07
2024-02-28 08:00:00,103.83,,104.49
2024-02-28 09:00:00,85.46,,85.46
2024-02-28 10:00:00,73.99,,73.99
2024-02-28 11:00:00,67.55,,67.55
2024-02-28 12:00:00,63.1,,63.1
2024-02-28 13:00:00,57.9,,57.9
2024-02-28 14:00:00,58.5,,58.5
2024-02-28 15:00:00,58.89,,60.0
2024-02-28 16:00:00,73.57,,72.46
2024-02-28 17:00:00,70.0,,70.0
2024-02-28 18:00:00,89.8,,89.8
2024-02-28 19:00:00,78.29,,78.18
2024-02-28 20:00:00,65.44,,65.55
2024-02-28 21:00:00,52.27,,62.69
2024-02-28 22:00:00,49.89,,64.08
2024-02-28 23:00:00,47.36,,55.2
2024-02-29 00:00:00,51.83,,54.82
2024-02-29 01:00:00,50.72,,53.02
2024-02-29 02:00:00,46.7,,49.71
2024-02-29 03:00:00,45.07,,46.62
2024-02-29 04:00:00,41.0,,43.75
2024-02-29 05:00:00,42.64,,48.0
2024-02-29 06:00:00,47.07,,61.37
2024-02-29 07:00:00,47.24,,73.35
2024-02-29 08:00:00,49.21,,73.85
2024-02-29 09:00:00,49.74,,70.39
2024-02-29 10:00:00,50.0,,65.65
2024-02-29 11:00:00,51.37,,66.46
2024-02-29 12:00:00,50.89,,60.0
2024-02-29 13:00:00,50.6,,57.77
2024-02-29 14:00:00,49.36,,63.68
2024-02-29 15:00:00,49.91,,65.2
2024-02-29 16:00:00,47.71,,71.62
2024-02-29 17:00:00,62.61,,80.0
2024-02-29 18:00:00,61.87,,86.26
2024-02-29 19:00:00,54.0,,80.99
2024-02-29 20:00:00,52.57,,72.77
2024-02-29 21:00:00,51.58,,67.25
2024-02-29 22:00:00,51.1,,64.9
2024-02-29 23:00:00,50.35,,60.9
2024-03-01 00:00:00,50.81,,62.04
2024-03-01 01:00:00,51.51,,61.42
2024-03-01 02:00:00,51.95,,58.14
2024-03-01 03:00:00,51.91,,57.83
2024-03-01 04:00:00,52.03,,58.3
2024-03-01 05:00:00,52.52,,62.49
2024-03-01 06:00:00,54.46,,71.58
2024-03-01 07:00:00,58.85,,79.36
2024-03-01 08:00:00,59.94,,86.02
2024-03-01 09:00:00,59.95,,78.04
2024-03-01 10:00:00,59.94,,66.51
2024-03-01 11:00:00,57.98,,64.53
2024-03-01 12:00:00,54.11,,47.55
2024-03-01 13:00:00,56.6,,50.0
2024-03-01 14:00:00,66.72,,63.2
2024-03-01 15:00:00,72.21,,71.17
2024-03-01 16:00:00,78.28,,78.28
2024-03-01 17:00:00,89.4,,89.4
2024-03-01 18:00:00,93.73,,93.73
2024-03-01 19:00:00,87.19,,87.19
2024-03-01 20:00:00,77.49,,77.49
2024-03-01 21:00:00,71.62,,71.62
2024-03-01 22:00:00,70.06,,70.06
2024-03-01 23:00:00,66.39,,66.39
2024-03-02 00:00:00,59.95,,59.95
2024-03-02 01:00:00,56.03,,56.03
2024-03-02 02:00:00,56.02,,56.02
2024-03-02 03:00:00,55.48,,55.48
2024-03-02 04:00:00,54.88,,54.88
2024-03-02 05:00:00,55.99,,55.99
2024-03-02 06:00:00,56.58,,56.58
2024-03-02 07:00:00,58.8,,60.67
2024-03-02 08:00:00,59.75,,63.76
2024-03-02 09:00:00,65.75,,65.75
2024-03-02 10:00:00,60.44,,60.44
2024-03-02 11:00:00,59.18,,53.8
2024-03-02 12:00:00,55.83,,53.07
2024-03-02 13:00:00,54.9,,54.9
2024-03-02 14:00:00,59.86,,59.86
2024-03-02 15:00:00,66.08,,66.08
2024-03-02 16:00:00,73.0,,73.0
2024-03-02 17:00:00,80.63,,81.17
2024-03-02 18:00:00,93.6,,93.6
2024-03-02 19:00:00,89.9,,89.9
2024-03-02 20:00:00,76.98,,76.98
2024-03-02 21:00:00,69.81,,69.81
2024-03-02 22:00:00,60.94,,69.9
2024-03-02 23:00:00,54.99,,68.2
2024-03-03 00:00:00,54.5,,60.1
2024-03-03 01:00:00,53.63,,69.21
2024-03-03 02:00:00,53.8,,67.03
2024-03-03 03:00:00,55.59,,57.91
2024-03-03 04:00:00,55.31,,55.48
2024-03-03 05:00:00,55.82,,58.88
2024-03-03 06:00:00,56.0,,65.39
2024-03-03 07:00:00,56.88,,69.8
2024-03-03 08:00:00,54.77,,71.51
2024-03-03 09:00:00,53.99,,72.49
2024-03-03 10:00:00,52.01,,63.14
2024-03-03 11:00:00,49.46,,50.0
2024-03-03 12:00:00,47.51,,47.51
2024-03-03 13:00:00,42.51,,42.51
2024-03-03 14:00:00,46.84,,46.84
2024-03-03 15:00:00,54.13,,58.07
2024-03-03 16:00:00,60.28,,60.28
2024-03-03 17:00:00,75.58,,77.72
2024-03-03 18:00:00,84.36,,88.0
2024-03-03 19:00:00,79.63,,86.96
2024-03-03 20:00:00,80.21,,81.8
2024-03-03 21:00:00,75.0,,75.0
2024-03-03 22:00:00,62.15,,72.18
2024-03-03 23:00:00,72.42,,72.42
2024-03-04 00:00:00,69.13,,69.13
2024-03-04 01:00:00,67.9,,67.9
2024-03-04 02:00:00,67.41,,67.41
2024-03-04 03:00:00,66.22,,66.22
2024-03-04 04:00:00,65.59,,65.59
2024-03-04 05:00:00,70.83,,70.83
2024-03-04 06:00:00,81.18,,81.18
2024-03-04 07:00:00,96.67,,96.67
2024-03-04 08:00:00,102.97,,102.97
2024-03-04 09:00:00,85.02,,85.02
2024-03-04 10:00:00,71.23,,71.23
2024-03-04 11:00:00,61.71,,63.2
2024-03-04 12:00:00,61.02,,63.3
2024-03-04 13:00:00,60.98,,61.04
2024-03-04 14:00:00,61.38,,62.5
2024-03-04 15:00:00,59.87,,69.86
2024-03-04 16:00:00,60.42,,76.7
2024-03-04 17:00:00,78.08,,93.47
2024-03-04 18:00:00,74.49,,105.18
2024-03-04 19:00:00,64.7,,99.13
2024-03-04 20:00:00,62.66,,80.52
2024-03-04 21:00:00,61.01,,71.39
2024-03-04 22:00:00,59.98,,67.49
2024-03-04 23:00:00,59.6,,63.93
2024-03-05 00:00:00,56.21,,61.96
2024-03-05 01:00:00,56.48,,61.67
2024-03-05 02:00:00,56.46,,61.33
2024-03-05 03:00:00,56.36,,59.86
2024-03-05 04:00:00,56.47,,60.56
2024-03-05 05:00:00,57.39,,61.67
2024-03-05 06:00:00,58.38,,71.53
2024-03-05 07:00:00,60.3,,79.28
2024-03-05 08:00:00,61.24,,83.02
2024-03-05 09:00:00,59.64,,77.0
2024-03-05 10:00:00,59.18,,71.15
2024-03-05 11:00:00,59.22,,69.72
2024-03-05 12:00:00,58.61,,65.99
2024-03-05 13:00:00,58.59,,65.81
2024-03-05 14:00:00,59.06,,69.6
2024-03-05 15:00:00,59.65,,70.62
2024-03-05 16:00:00,60.69,,76.3
2024-03-05 17:00:00,73.86,,81.86
2024-03-05 18:00:00,104.38,,104.38
2024-03-05 19:00:00,96.6,,96.6
2024-03-05 20:00:00,78.42,,78.42
2024-03-05 21:00:00,73.07,,73.07
2024-03-05 22:00:00,66.0,,66.0
2024-03-05 23:00:00,70.0,,70.0
2024-03-06 00:00:00,71.0,,71.0
2024-03-06 01:00:00,70.7,,70.7
2024-03-06 02:00:00,70.46,,70.46
2024-03-06 03:00:00,69.74,,69.74
2024-03-06 04:00:00,70.46,,70.46
2024-03-06 05:00:00,73.91,,73.91
2024-03-06 06:00:00,83.98,,83.98
2024-03-06 07:00:00,106.64,,106.64
2024-03-06 08:00:00,108.7,,108.7
2024-03-06 09:00:00,87.21,,87.21
2024-03-06 10:00:00,75.92,,75.69
2024-03-06 11:00:00,72.02,,71.83
2024-03-06 12:00:00,69.35,,69.34
2024-03-06 13:00:00,69.29,,69.29
2024-03-06 14:00:00,70.64,,70.64
2024-03-06 15:00:00,72.26,,72.28
2024-03-06 16:00:00,81.06,,79.8
2024-03-06 17:00:00,100.0,,96.11
2024-03-06 18:00:00,119.58,,119.02
2024-03-06 19:00:00,119.25,,119.25
2024-03-06 20:00:00,93.4,,93.4
2024-03-06 21:00:00,80.15,,80.15
2024-03-06 22:00:00,77.98,,77.98
2024-03-06 23:00:00,74.34,,74.34
2024-03-07 00:00:00,73.33,,73.33
2024-03-07 01:00:00,72.32,,72.32
2024-03-07 02:00:00,70.34,,70.34
2024-03-07 03:00:00,68.71,,68.71
2024-03-07 04:00:00,69.89,,69.89
2024-03-07 05:00:00,73.13,,73.13
2024-03-07 06:00:00,84.27,,84.27
2024-03-07 07:00:00,103.2,,103.2
2024-03-07 08:00:00,96.7,,96.7
2024-03-07 09:00:00,79.09,,79.09
2024-03-07 10:00:00,71.31,,71.31
2024-03-07 11:00:00,66.16,,66.16
2024-03-07 12:00:00,61.69,,60.62
2024-03-07 13:00:00,60.26,,60.16
2024-03-07 14:00:00,63.33,,63.3
2024-03-07 15:00:00,66.04,,66.1
2024-03-07 16:00:00,69.92,,70.66
2024-03-07 17:00:00,89.2,,90.11
2024-03-07 18:00:00,105.71,,107.41
2024-03-07 19:00:00,90.3,,90.43
2024-03-07 20:00:00,82.49,,83.39
2024-03-07 21:00:00,73.35,,73.16
2024-03-07 22:00:00,73.32,,73.25
2024-03-07 23:00:00,67.72,,67.61
2024-03-08 00:00:00,68.45,,68.37
2024-03-08 01:00:00,66.96,,66.96
2024-03-08 02:00:00,67.01,,67.01
2024-03-08 03:00:00,65.99,,65.99
2024-03-08 04:00:00,66.3,,65.98
2024-03-08 05:00:00,67.11,,66.93
2024-03-08 06:00:00,82.91,,81.5
2024-03-08 07:00:00,95.06,,94.99
2024-03-08 08:00:00,88.89,,88.89
2024-03-08 09:00:00,74.36,,74.36
2024-03-08 10:00:00,57.59,,54.9
2024-03-08 11:00:00,52.07,,0.0
2024-03-08 12:00:00,52.6,,-20.0
2024-03-08 13:00:00,51.27,,-25.0
2024-03-08 14:00:00,49.8,,-17.97
2024-03-08 15:00:00,40.25,,30.0
2024-03-08 16:00:00,55.74,,55.38
2024-03-08 17:00:00,71.98,,71.94
2024-03-08 18:00:00,83.76,,83.75
2024-03-08 19:00:00,79.98,,80.0
2024-03-08 20:00:00,71.18,,71.18
2024-03-08 21:00:00,64.9,,64.9
2024-03-08 22:00:00,64.79,,64.79
2024-03-08 23:00:00,59.89,,59.62
2024-03-09 00:00:00,56.56,,56.14
2024-03-09 01:00:00,54.91,,54.53
2024-03-09 02:00:00,53.72,,53.3
2024-03-09 03:00:00,52.56,,52.15
2024-03-09 04:00:00,48.6,,48.0
2024-03-09 05:00:00,47.79,,47.21
2024-03-09 06:00:00,50.47,,50.0
2024-03-09 07:00:00,53.06,,53.06
2024-03-09 08:00:00,,,
2024-03-09 09:00:00,48.12,,48.12
2024-03-09 10:00:00,32.94,,25.0
2024-03-09 11:00:00,0.2,,-29.5
2024-03-09 12:00:00,-1.15,,-30.0
2024-03-09 13:00:00,-2.46,,-39.79
2024-03-09 14:00:00,-0.04,,-19.57
2024-03-09 15:00:00,28.19,,28.32
2024-03-09 16:00:00,52.64,,52.64
2024-03-09 17:00:00,61.39,,69.55
2024-03-09 18:00:00,62.06,,78.08
2024-03-09 19:00:00,60.16,,68.69
2024-03-09 20:00:00,57.24,,63.82
2024-03-09 21:00:00,56.9,,60.47
2024-03-09 22:00:00,55.62,,59.17
2024-03-09 23:00:00,54.37,,54.37
2024-03-10 00:00:00,48.65,,48.65
2024-03-10 01:00:00,46.06,,46.06
2024-03-10 02:00:00,40.98,,40.98
2024-03-10 03:00:00,35.55,,35.55
2024-03-10 04:00:00,32.39,,32.39
2024-03-10 05:00:00,32.28,,32.28
2024-03-10 06:00:00,33.91,,33.91
2024-03-10 07:00:00,39.49,,39.49
2024-03-10 08:00:00,34.82,,34.82
2024-03-10 09:00:00,25.25,,27.55
2024-03-10 10:00:00,2.35,,0.04
2024-03-10 11:00:00,-0.04,,-10.03
2024-03-10 12:00:00,0.0,,-27.3
2024-03-10 13:00:00,,,
2024-03-10 14:00:00,-0.02,,-10.01
2024-03-10 15:00:00,14.41,,12.38
2024-03-10 16:00:00,47.96,,50.0
2024-03-10 17:00:00,55.97,,69.92
2024-03-10 18:00:00,57.64,,84.31
2024-03-10 19:00:00,56.62,,72.22
2024-03-10 20:00:00,53.66,,70.88
2024-03-10 21:00:00,53.4,,72.9
2024-03-10 22:00:00,53.08,,73.32
2024-03-10 23:00:00,52.05,,72.0
2024-03-11 00:00:00,48.93,,65.2
2024-03-11 01:00:00,49.33,,66.0
2024-03-11 02:00:00,50.21,,68.86
2024-03-11 03:00:00,49.28,,65.0
2024-03-11 04:00:00,49.99,,60.1
2024-03-11 05:00:00,54.95,,58.25
2024-03-11 06:00:00,56.44,,76.64
2024-03-11 07:00:00,62.27,,82.61
2024-03-11 08:00:00,64.79,,85.56
2024-03-11 09:00:00,62.85,,86.5
2024-03-11 10:00:00,61.9,,82.19
2024-03-11 11:00:00,60.44,,74.91
2024-03-11 12:00:00,58.85,,74.0
2024-03-11 13:00:00,58.92,,68.59
2024-03-11 14:00:00,58.72,,67.0
2024-03-11 15:00:00,59.95,,73.5
2024-03-11 16:00:00,61.61,,79.18
2024-03-11 17:00:00,65.32,,89.91
2024-03-11 18:00:00,75.19,,100.0
2024-03-11 19:00:00,72.1,,108.0
2024-03-11 20:00:00,69.2,,83.8
2024-03-11 21:00:00,67.55,,76.7
2024-03-11 22:00:00,64.69,,75.03
2024-03-11 23:00:00,65.77,,67.08
2024-03-12 00:00:00,69.19,,69.19
2024-03-12 01:00:00,65.56,,65.56
2024-03-12 02:00:00,66.51,,66.51
2024-03-12 03:00:00,65.2,,65.2
2024-03-12 04:00:00,65.96,,65.96
2024-03-12 05:00:00,71.37,,70.9
2024-03-12 06:00:00,87.06,,74.8
2024-03-12 07:00:00,96.55,,92.78
2024-03-12 08:00:00,100.78,,100.6
2024-03-12 09:00:00,93.81,,93.72
2024-03-12 10:00:00,85.42,,84.5
2024-03-12 11:00:00,80.68,,78.07
2024-03-12 12:00:00,78.44,,74.8
2024-03-12 13:00:00,78.26,,70.06
2024-03-12 14:00:00,79.02,,68.0
2024-03-12 15:00:00,86.34,,65.2
2024-03-12 16:00:00,101.61,,72.93
2024-03-12 17:00:00,113.06,,77.87
2024-03-12 18:00:00,134.92,,84.0
2024-03-12 19:00:00,124.57,,103.46
2024-03-12 20:00:00,97.48,,81.57
2024-03-12 21:00:00,83.63,,74.0
2024-03-12 22:00:00,78.93,,71.97
2024-03-12 23:00:00,70.33,,68.53
2024-03-13 00:00:00,63.93,,62.16
2024-03-13 01:00:00,62.3,,59.73
2024-03-13 02:00:00,61.79,,58.55
2024-03-13 03:00:00,60.89,,58.04
2024-03-13 04:00:00,59.87,,59.87
2024-03-13 05:00:00,62.3,,62.3
2024-03-13 06:00:00,77.32,,74.96
2024-03-13 07:00:00,76.47,,85.4
2024-03-13 08:00:00,89.8,,89.8
2024-03-13 09:00:00,76.85,,76.85
2024-03-13 10:00:00,67.38,,67.38
2024-03-13 11:00:00,62.8,,63.2
2024-03-13 12:00:00,61.69,,61.88
2024-03-13 13:00:00,59.41,,59.59
2024-03-13 14:00:00,58.64,,58.82
2024-03-13 15:00:00,57.3,,63.2
2024-03-13 16:00:00,60.8,,68.38
2024-03-13 17:00:00,66.12,,77.4
2024-03-13 18:00:00,72.21,,79.8
2024-03-13 19:00:00,65.19,,81.44
2024-03-13 20:00:00,51.55,,66.4
2024-03-13 21:00:00,54.56,,66.52
2024-03-13 22:00:00,53.77,,68.14
2024-03-13 23:00:00,51.78,,63.88
2024-03-14 00:00:00,51.82,,63.29
2024-03-14 01:00:00,50.45,,56.9
2024-03-14 02:00:00,49.63,,57.52
2024-03-14 03:00:00,49.13,,57.0
2024-03-14 04:00:00,50.71,,54.65
2024-03-14 05:00:00,51.53,,60.02
2024-03-14 06:00:00,56.5,,71.42
2024-03-14 07:00:00,57.92,,87.0
2024-03-14 08:00:00,59.65,,81.99
2024-03-14 09:00:00,57.89,,65.71
2024-03-14 10:00:00,52.42,,54.32
2024-03-14 11:00:00,49.84,,42.6
2024-03-14 12:00:00,49.71,,20.99
2024-03-14 13:00:00,46.96,,30.0
2024-03-14 14:00:00,47.73,,46.59
2024-03-14 15:00:00,53.68,,54.82
2024-03-14 16:00:00,55.84,,65.99
2024-03-14 17:00:00,67.81,,85.64
2024-03-14 18:00:00,67.08,,102.35
2024-03-14 19:00:00,58.25,,89.92
2024-03-14 20:00:00,55.99,,73.62
2024-03-14 21:00:00,55.14,,62.96
2024-03-14 22:00:00,54.45,,59.53
2024-03-14 23:00:00,51.66,,50.91
2024-03-15 00:00:00,47.89,,47.89
2024-03-15 01:00:00,46.58,,45.47
2024-03-15 02:00:00,45.57,,44.47
2024-03-15 03:00:00,43.95,,42.33
2024-03-15 04:00:00,44.19,,42.22
2024-03-15 05:00:00,43.36,,41.52
2024-03-15 06:00:00,48.3,,58.49
2024-03-15 07:00:00,57.75,,66.47
2024-03-15 08:00:00,63.93,,67.42
2024-03-15 09:00:00,53.8,,53.8
2024-03-15 10:00:00,46.56,,46.1
2024-03-15 11:00:00,39.27,,38.9
2024-03-15 12:00:00,38.34,,37.12
2024-03-15 13:00:00,36.87,,35.14
2024-03-15 14:00:00,44.93,,41.42
2024-03-15 15:00:00,50.31,,45.35
2024-03-15 16:00:00,54.53,,60.4
2024-03-15 17:00:00,60.48,,70.67
2024-03-15 18:00:00,58.51,,73.11
2024-03-15 19:00:00,57.2,,87.99
2024-03-15 20:00:00,55.82,,63.81
2024-03-15 21:00:00,51.71,,55.01
2024-03-15 22:00:00,50.16,,55.99
2024-03-15 23:00:00,49.33,,49.35
2024-03-16 00:00:00,44.12,,43.66
2024-03-16 01:00:00,42.01,,42.04
2024-03-16 02:00:00,40.69,,40.71
2024-03-16 03:00:00,38.88,,38.9
2024-03-16 04:00:00,38.67,,38.63
2024-03-16 05:00:00,40.34,,40.0
2024-03-16 06:00:00,47.26,,47.6
2024-03-16 07:00:00,49.38,,60.22
2024-03-16 08:00:00,47.25,,55.3
2024-03-16 09:00:00,46.76,,47.01
2024-03-16 10:00:00,44.88,,44.88
2024-03-16 11:00:00,41.62,,41.63
2024-03-16 12:00:00,36.7,,36.78
2024-03-16 13:00:00,21.02,,21.02
2024-03-16 14:00:00,10.99,,12.26
2024-03-16 15:00:00,31.01,,31.38
2024-03-16 16:00:00,46.98,,54.1
2024-03-16 17:00:00,49.81,,80.9
2024-03-16 18:00:00,53.56,,97.0
2024-03-16 19:00:00,52.21,,109.1
2024-03-16 20:00:00,,,94.0
2024-03-16 21:00:00,53.74,,74.68
2024-03-16 22:00:00,52.29,,74.8
2024-03-16 23:00:00,56.62,,67.1
2024-03-17 00:00:00,64.99,,64.99
2024-03-17 01:00:00,60.49,,60.9
2024-03-17 02:00:00,55.83,,55.83
2024-03-17 03:00:00,57.47,,57.47
2024-03-17 04:00:00,58.16,,58.16
2024-03-17 05:00:00,59.9,,59.9
2024-03-17 06:00:00,60.1,,60.1
2024-03-17 07:00:00,56.6,,56.6
2024-03-17 08:00:00,50.58,,50.0
2024-03-17 09:00:00,47.15,,47.72
2024-03-17 10:00:00,45.4,,46.61
2024-03-17 11:00:00,45.91,,46.83
2024-03-17 12:00:00,41.81,,42.15
2024-03-17 13:00:00,40.15,,41.0
2024-03-17 14:00:00,48.06,,49.89
2024-03-17 15:00:00,56.12,,58.2
2024-03-17 16:00:00,71.76,,65.98
2024-03-17 17:00:00,82.86,,82.8
2024-03-17 18:00:00,94.11,,87.2
2024-03-17 19:00:00,88.29,,86.94
2024-03-17 20:00:00,62.84,,77.89
2024-03-17 21:00:00,59.45,,72.33
2024-03-17 22:00:00,57.05,,72.1
2024-03-17 23:00:00,55.95,,65.91
2024-03-18 00:00:00,56.18,,64.12
2024-03-18 01:00:00,55.96,,57.14
2024-03-18 02:00:00,55.82,,58.31
2024-03-18 03:00:00,55.68,,57.46
2024-03-18 04:00:00,55.86,,60.77
2024-03-18 05:00:00,57.26,,63.68
2024-03-18 06:00:00,59.38,,79.28
2024-03-18 07:00:00,68.96,,97.65
2024-03-18 08:00:00,94.16,,94.45
2024-03-18 09:00:00,80.81,,82.8
2024-03-18 10:00:00,72.02,,72.83
2024-03-18 11:00:00,65.04,,66.64
2024-03-18 12:00:00,62.95,,66.5
2024-03-18 13:00:00,60.73,,63.67
2024-03-18 14:00:00,57.75,,60.2
2024-03-18 15:00:00,65.0,,65.0
2024-03-18 16:00:00,68.38,,70.4
2024-03-18 17:00:00,69.09,,92.33
2024-03-18 18:00:00,74.46,,129.2
2024-03-18 19:00:00,95.16,,126.23
2024-03-18 20:00:00,97.88,,103.04
2024-03-18 21:00:00,79.74,,79.74
2024-03-18 22:00:00,71.2,,77.6
2024-03-18 23:00:00,56.99,,73.52
2024-03-19 00:00:00,56.71,,71.48
2024-03-19 01:00:00,55.67,,69.9
2024-03-19 02:00:00,56.66,,68.75
2024-03-19 03:00:00,51.53,,67.46
2024-03-19 04:00:00,53.4,,66.7
2024-03-19 05:00:00,56.59,,67.55
2024-03-19 06:00:00,60.85,,84.8
2024-03-19 07:00:00,91.04,,108.53
2024-03-19 08:00:00,95.87,,95.87
2024-03-19 09:00:00,72.02,,72.06
2024-03-19 10:00:00,64.15,,64.1
2024-03-19 11:00:00,57.41,,56.85
2024-03-19 12:00:00,54.47,,52.73
2024-03-19 13:00:00,54.96,,51.66
2024-03-19 14:00:00,56.24,,53.54
2024-03-19 15:00:00,62.3,,62.3
2024-03-19 16:00:00,65.26,,64.85
2024-03-19 17:00:00,90.7,,90.7
2024-03-19 18:00:00,112.45,,108.75
2024-03-19 19:00:00,125.26,,128.96
2024-03-19 20:00:00,107.36,,110.0
2024-03-19 21:00:00,86.88,,89.04
2024-03-19 22:00:00,81.5,,81.73
2024-03-19 23:00:00,76.1,,76.1
2024-03-20 00:00:00,76.01,,76.01
2024-03-20 01:00:00,73.4,,72.45
2024-03-20 02:00:00,74.9,,71.95
2024-03-20 03:00:00,75.7,,70.3
2024-03-20 04:00:00,76.36,,71.52
2024-03-20 05:00:00,80.9,,77.1
2024-03-20 06:00:00,116.0,,107.1
2024-03-20 07:00:00,116.24,,112.69
2024-03-20 08:00:00,98.33,,99.33
2024-03-20 09:00:00,70.63,,71.41
2024-03-20 10:00:00,66.0,,66.0
2024-03-20 11:00:00,65.39,,64.11
2024-03-20 12:00:00,61.43,,
2024-03-20 13:00:00,63.95,,67.77
2024-03-20 14:00:00,64.35,,65.0
2024-03-20 15:00:00,70.78,,71.9
2024-03-20 16:00:00,87.07,,85.0
2024-03-20 17:00:00,119.68,,116.0
2024-03-20 18:00:00,168.54,,163.72
2024-03-20 19:00:00,159.05,,154.93
2024-03-20 20:00:00,124.95,,122.63
2024-03-20 21:00:00,106.52,,104.88
2024-03-20 22:00:00,96.07,,93.0
2024-03-20 23:00:00,79.98,,79.98
2024-03-21 00:00:00,76.18,,74.55
2024-03-21 01:00:00,73.37,,73.7
2024-03-21 02:00:00,71.55,,70.0
2024-03-21 03:00:00,69.82,,66.57
2024-03-21 04:00:00,69.3,,62.53
2024-03-21 05:00:00,71.74,,64.68
2024-03-21 06:00:00,81.0,,81.0
2024-03-21 07:00:00,98.21,,95.9
2024-03-21 08:00:00,102.29,,104.6
2024-03-21 09:00:00,80.0,,81.19
2024-03-21 10:00:00,72.41,,74.7
2024-03-21 11:00:00,68.03,,68.03
2024-03-21 12:00:00,64.64,,65.85
2024-03-21 13:00:00,59.96,,58.74
2024-03-21 14:00:00,65.24,,64.4
2024-03-21 15:00:00,64.69,,59.08
2024-03-21 16:00:00,75.27,,68.91
2024-03-21 17:00:00,100.9,,91.97
2024-03-21 18:00:00,127.13,,121.01
2024-03-21 19:00:00,120.69,,120.69
2024-03-21 20:00:00,93.08,,93.08
2024-03-21 21:00:00,76.27,,76.27
2024-03-21 22:00:00,67.3,,72.45
2024-03-21 23:00:00,56.92,,64.91
2024-03-22 00:00:00,19.92,,52.39
2024-03-22 01:00:00,34.26,,48.96
2024-03-22 02:00:00,32.24,,46.3
2024-03-22 03:00:00,28.92,,46.06
2024-03-22 04:00:00,31.92,,45.4
2024-03-22 05:00:00,39.55,,51.25
2024-03-22 06:00:00,42.38,,63.6
2024-03-22 07:00:00,64.02,,64.27
2024-03-22 08:00:00,64.57,,66.65
2024-03-22 09:00:00,56.32,,57.48
2024-03-22 10:00:00,51.81,,63.9
2024-03-22 11:00:00,49.85,,55.0
2024-03-22 12:00:00,49.76,,52.0
2024-03-22 13:00:00,50.26,,58.68
2024-03-22 14:00:00,48.75,,59.17
2024-03-22 15:00:00,49.81,,66.0
2024-03-22 16:00:00,53.42,,75.04
2024-03-22 17:00:00,63.94,,87.38
2024-03-22 18:00:00,60.63,,111.9
2024-03-22 19:00:00,62.17,,112.18
2024-03-22 20:00:00,61.09,,94.81
2024-03-22 21:00:00,60.5,,74.64
2024-03-22 22:00:00,60.12,,73.2
2024-03-22 23:00:00,54.51,,69.84
2024-03-23 00:00:00,36.79,,70.88
2024-03-23 01:00:00,49.68,,66.14
2024-03-23 02:00:00,51.01,,56.46
2024-03-23 03:00:00,49.99,,49.99
2024-03-23 04:00:00,50.44,,52.11
2024-03-23 05:00:00,48.82,,51.94
2024-03-23 06:00:00,47.87,,47.87
2024-03-23 07:00:00,43.48,,43.48
2024-03-23 08:00:00,37.72,,34.59
2024-03-23 09:00:00,13.2,,11.19
2024-03-23 10:00:00,0.02,,0.0
2024-03-23 11:00:00,-0.05,,-0.1
2024-03-23 12:00:00,-1.94,,-5.01
2024-03-23 13:00:00,-2.74,,-10.0
2024-03-23 14:00:00,-2.71,,-9.44
2024-03-23 15:00:00,-1.46,,-2.98
2024-03-23 16:00:00,0.07,,-2.36
2024-03-23 17:00:00,47.8,,37.68
2024-03-23 18:00:00,55.37,,62.02
2024-03-23 19:00:00,58.64,,67.2
2024-03-23 20:00:00,52.94,,52.94
2024-03-23 21:00:00,45.84,,45.84
2024-03-23 22:00:00,40.28,,38.52
2024-03-23 23:00:00,28.39,,27.5
2024-03-24 00:00:00,32.1,,27.17
2024-03-24 01:00:00,13.28,,11.67
2024-03-24 02:00:00,10.13,,8.3
2024-03-24 03:00:00,17.0,,13.47
2024-03-24 04:00:00,19.92,,14.91
2024-03-24 05:00:00,26.82,,17.18
2024-03-24 06:00:00,24.9,,11.41
2024-03-24 07:00:00,36.15,,1.19
2024-03-24 08:00:00,40.71,,0.0
2024-03-24 09:00:00,43.78,,
2024-03-24 10:00:00,42.07,,
2024-03-24 11:00:00,48.23,,
2024-03-24 12:00:00,49.63,,
2024-03-24 13:00:00,48.31,,
2024-03-24 14:00:00,49.04,,
2024-03-24 15:00:00,51.23,,
2024-03-24 16:00:00,52.72,,11.6
2024-03-24 17:00:00,59.4,,50.0
2024-03-24 18:00:00,75.0,,71.57
2024-03-24 19:00:00,74.9,,76.34
2024-03-24 20:00:00,66.9,,67.11
2024-03-24 21:00:00,64.77,,64.97
2024-03-24 22:00:00,64.27,,64.47
2024-03-24 23:00:00,62.97,,64.0
2024-03-25 00:00:00,62.51,,62.9
2024-03-25 01:00:00,62.29,,65.1
2024-03-25 02:00:00,62.48,,70.0
2024-03-25 03:00:00,64.51,,73.1
2024-03-25 04:00:00,66.96,,67.03
2024-03-25 05:00:00,77.14,,77.14
2024-03-25 06:00:00,88.43,,87.77
2024-03-25 07:00:00,113.87,,113.87
2024-03-25 08:00:00,99.68,,99.68
2024-03-25 09:00:00,77.43,,74.15
2024-03-25 10:00:00,70.05,,66.96
2024-03-25 11:00:00,63.66,,60.95
2024-03-25 12:00:00,61.85,,59.11
2024-03-25 13:00:00,63.22,,59.3
2024-03-25 14:00:00,64.52,,61.04
2024-03-25 15:00:00,73.97,,68.84
2024-03-25 16:00:00,81.05,,74.5
2024-03-25 17:00:00,111.88,,98.7
2024-03-25 18:00:00,174.7,,155.0
2024-03-25 19:00:00,149.75,,138.0
2024-03-25 20:00:00,102.73,,86.9
2024-03-25 21:00:00,82.39,,70.38
2024-03-25 22:00:00,79.56,,70.4
2024-03-25 23:00:00,74.74,,68.77
2024-03-26 00:00:00,79.9,,73.0
2024-03-26 01:00:00,73.3,,65.8
2024-03-26 02:00:00,68.91,,64.3
2024-03-26 03:00:00,67.98,,66.0
2024-03-26 04:00:00,70.07,,64.04
2024-03-26 05:00:00,72.28,,67.27
2024-03-26 06:00:00,80.38,,75.33
2024-03-26 07:00:00,79.2,,79.2
2024-03-26 08:00:00,72.1,,72.1
2024-03-26 09:00:00,62.0,,62.0
2024-03-26 10:00:00,49.5,,49.5
2024-03-26 11:00:00,49.35,,37.03
2024-03-26 12:00:00,48.47,,13.48
2024-03-26 13:00:00,45.94,,27.62
2024-03-26 14:00:00,37.1,,37.1
2024-03-26 15:00:00,51.93,,51.93
2024-03-26 16:00:00,66.9,,74.05
2024-03-26 17:00:00,66.59,,106.7
2024-03-26 18:00:00,63.43,,116.0
2024-03-26 19:00:00,61.64,,100.3
2024-03-26 20:00:00,58.36,,80.0
2024-03-26 21:00:00,58.01,,82.2
2024-03-26 22:00:00,56.65,,74.4
2024-03-26 23:00:00,55.17,,66.92
2024-03-27 00:00:00,56.09,,58.35
2024-03-27 01:00:00,56.91,,57.09
2024-03-27 02:00:00,57.1,,57.28
2024-03-27 03:00:00,53.86,,55.59
2024-03-27 04:00:00,52.95,,56.87
2024-03-27 05:00:00,54.14,,64.52
2024-03-27 06:00:00,56.89,,78.78
2024-03-27 07:00:00,62.37,,82.77
2024-03-27 08:00:00,61.5,,79.83
2024-03-27 09:00:00,61.26,,68.33
2024-03-27 10:00:00,62.86,,63.94
2024-03-27 11:00:00,57.13,,58.14
2024-03-27 12:00:00,57.66,,57.66
2024-03-27 13:00:00,59.54,,59.54
2024-03-27 14:00:00,61.45,,61.45
2024-03-27 15:00:00,62.2,,73.9
2024-03-27 16:00:00,76.0,,76.0
2024-03-27 17:00:00,94.44,,94.44
2024-03-27 18:00:00,120.42,,120.42
2024-03-27 19:00:00,116.88,,116.88
2024-03-27 20:00:00,97.6,,97.23
2024-03-27 21:00:00,84.25,,79.35
2024-03-27 22:00:00,83.02,,79.47
2024-03-27 23:00:00,74.47,,74.0
2024-03-28 00:00:00,79.09,,74.51
2024-03-28 01:00:00,72.6,,62.19
2024-03-28 02:00:00,65.24,,57.27
2024-03-28 03:00:00,58.1,,55.79
2024-03-28 04:00:00,57.4,,55.5
2024-03-28 05:00:00,57.52,,57.52
2024-03-28 06:00:00,60.01,,68.99
2024-03-28 07:00:00,76.05,,76.05
2024-03-28 08:00:00,80.92,,73.03
2024-03-28 09:00:00,63.24,,58.09
2024-03-28 10:00:00,47.07,,40.1
2024-03-28 11:00:00,37.82,,31.36
2024-03-28 12:00:00,32.91,,6.73
2024-03-28 13:00:00,30.29,,0.05
2024-03-28 14:00:00,29.47,,0.0
2024-03-28 15:00:00,24.67,,8.66
2024-03-28 16:00:00,33.17,,27.18
2024-03-28 17:00:00,52.72,,43.09
2024-03-28 18:00:00,63.68,,63.68
2024-03-28 19:00:00,62.17,,68.09
2024-03-28 20:00:00,54.84,,56.81
2024-03-28 21:00:00,51.83,,44.89
2024-03-28 22:00:00,33.05,,32.76
2024-03-28 23:00:00,25.0,,25.0
2024-03-29 00:00:00,20.6,,20.6
2024-03-29 01:00:00,18.83,,18.83
2024-03-29 02:00:00,12.43,,12.43
2024-03-29 03:00:00,10.24,,10.24
2024-03-29 04:00:00,12.59,,12.59
2024-03-29 05:00:00,14.32,,14.32
2024-03-29 06:00:00,22.02,,22.02
2024-03-29 07:00:00,22.39,,54.9
2024-03-29 08:00:00,15.94,,79.3
2024-03-29 09:00:00,13.28,,63.6
2024-03-29 10:00:00,16.88,,29.9
2024-03-29 11:00:00,18.83,,18.81
2024-03-29 12:00:00,13.0,,12.99
2024-03-29 13:00:00,9.86,,9.86
2024-03-29 14:00:00,13.44,,13.44
2024-03-29 15:00:00,21.58,,21.14
2024-03-29 16:00:00,49.5,,43.87
2024-03-29 17:00:00,79.93,,75.44
2024-03-29 18:00:00,101.97,,101.62
2024-03-29 19:00:00,105.45,,108.0
2024-03-29 20:00:00,87.4,,87.4
2024-03-29 21:00:00,79.93,,79.9
2024-03-29 22:00:00,75.89,,75.89
2024-03-29 23:00:00,70.0,,70.0
2024-03-30 00:00:00,69.3,,69.3
2024-03-30 01:00:00,58.16,,58.16
2024-03-30 02:00:00,58.88,,68.11
2024-03-30 03:00:00,58.95,,65.8
2024-03-30 04:00:00,59.23,,84.0
2024-03-30 05:00:00,65.05,,65.05
2024-03-30 06:00:00,58.57,,69.89
2024-03-30 07:00:00,47.79,,72.62
2024-03-30 08:00:00,45.23,,50.0
2024-03-30 09:00:00,46.18,,54.39
2024-03-30 10:00:00,36.07,,36.15
2024-03-30 11:00:00,25.08,,25.0
2024-03-30 12:00:00,25.74,,25.74
2024-03-30 13:00:00,13.15,,13.15
2024-03-30 14:00:00,15.87,,15.87
2024-03-30 15:00:00,34.2,,37.05
2024-03-30 16:00:00,52.52,,52.52
2024-03-30 17:00:00,77.75,,79.2
2024-03-30 18:00:00,88.11,,101.3
2024-03-30 19:00:00,59.31,,130.0
2024-03-30 20:00:00,59.22,,111.6
2024-03-30 21:00:00,59.03,,80.8
2024-03-30 22:00:00,70.83,,70.83
2024-03-30 23:00:00,65.74,,65.74
2024-03-31 00:00:00,75.7,,81.81
2024-03-31 01:00:00,66.71,,74.57
2024-03-31 02:00:00,,,
2024-03-31 03:00:00,64.98,,64.98
2024-03-31 04:00:00,60.48,,65.68
2024-03-31 05:00:00,58.74,,61.74
2024-03-31 06:00:00,64.46,,68.75
2024-03-31 07:00:00,71.51,,74.02
2024-03-31 08:00:00,65.03,,70.74
2024-03-31 09:00:00,50.32,,50.39
2024-03-31 10:00:00,41.03,,40.0
2024-03-31 11:00:00,35.37,,27.84
2024-03-31 12:00:00,35.46,,18.68
2024-03-31 13:00:00,33.1,,2.81
2024-03-31 14:00:00,30.68,,0.97
2024-03-31 15:00:00,32.6,,14.83
2024-03-31 16:00:00,41.07,,41.07
2024-03-31 17:00:00,66.74,,66.74
2024-03-31 18:00:00,89.32,,86.8
2024-03-31 19:00:00,117.29,,118.04
2024-03-31 20:00:00,83.72,,83.72
2024-03-31 21:00:00,70.0,,65.2
2024-03-31 22:00:00,64.51,,60.55
2024-03-31 23:00:00,54.9,,54.9
2024-04-01 00:00:00,49.95,,51.03
2024-04-01 01:00:00,48.98,,48.98
2024-04-01 02:00:00,46.06,,45.1
2024-04-01 03:00:00,43.58,,43.54
2024-04-01 04:00:00,49.4,,46.56
2024-04-01 05:00:00,52.35,,52.35
2024-04-01 06:00:00,58.71,,55.26
2024-04-01 07:00:00,64.49,,59.51
2024-04-01 08:00:00,58.71,,58.71
2024-04-01 09:00:00,60.89,,60.89
2024-04-01 10:00:00,54.36,,52.96
2024-04-01 11:00:00,44.78,,48.23
2024-04-01 12:00:00,48.75,,48.75
2024-04-01 13:00:00,35.19,,0.03
2024-04-01 14:00:00,34.02,,-0.01
2024-04-01 15:00:00,43.68,,
2024-04-01 16:00:00,44.4,,
2024-04-01 17:00:00,40.77,,5.79
2024-04-01 18:00:00,48.86,,53.0
2024-04-01 19:00:00,50.08,,90.0
2024-04-01 20:00:00,51.12,,79.89
2024-04-01 21:00:00,48.99,,55.96
2024-04-01 22:00:00,41.0,,41.0
2024-04-01 23:00:00,29.63,,29.63
2024-04-02 00:00:00,43.36,,46.13
2024-04-02 01:00:00,36.33,,36.33
2024-04-02 02:00:00,16.46,,16.46
2024-04-02 03:00:00,7.54,,7.54
2024-04-02 04:00:00,1.94,,1.94
2024-04-02 05:00:00,7.27,,7.27
2024-04-02 06:00:00,57.22,,51.32
2024-04-02 07:00:00,74.36,,70.98
2024-04-02 08:00:00,68.93,,68.93
2024-04-02 09:00:00,46.98,,55.17
2024-04-02 10:00:00,38.29,,30.1
2024-04-02 11:00:00,39.3,,24.91
2024-04-02 12:00:00,40.07,,5.0
2024-04-02 13:00:00,43.63,,2.5
2024-04-02 14:00:00,33.38,,0.17
2024-04-02 15:00:00,25.1,,0.0
2024-04-02 16:00:00,8.83,,4.31
2024-04-02 17:00:00,41.46,,41.46
2024-04-02 18:00:00,72.7,,72.7
2024-04-02 19:00:00,95.39,,104.0
2024-04-02 20:00:00,94.88,,110.0
2024-04-02 21:00:00,78.13,,99.0
2024-04-02 22:00:00,74.86,,76.26
2024-04-02 23:00:00,70.88,,72.43
2024-04-03 00:00:00,74.13,,72.74
2024-04-03 01:00:00,71.75,,66.31
2024-04-03 02:00:00,70.05,,62.64
2024-04-03 03:00:00,64.66,,64.66
2024-04-03 04:00:00,64.89,,64.89
2024-04-03 05:00:00,68.73,,68.73
2024-04-03 06:00:00,94.91,,82.94
2024-04-03 07:00:00,117.93,,106.52
2024-04-03 08:00:00,,,117.93
2024-04-03 09:00:00,100.98,,102.44
2024-04-03 10:00:00,107.35,,107.35
2024-04-03 11:00:00,90.81,,90.92
2024-04-03 12:00:00,82.03,,78.72
2024-04-03 13:00:00,76.88,,65.8
2024-04-03 14:00:00,73.04,,58.9
2024-04-03 15:00:00,58.77,,58.09
2024-04-03 16:00:00,60.97,,60.97
2024-04-03 17:00:00,70.31,,70.31
2024-04-03 18:00:00,85.0,,85.0
2024-04-03 19:00:00,106.59,,91.69
2024-04-03 20:00:00,99.14,,92.65
2024-04-03 21:00:00,74.71,,70.71
2024-04-03 22:00:00,61.49,,65.49
2024-04-03 23:00:00,55.33,,55.33
2024-04-04 00:00:00,54.52,,42.63
2024-04-04 01:00:00,52.01,,40.28
2024-04-04 02:00:00,50.17,,39.08
2024-04-04 03:00:00,51.57,,39.67
2024-04-04 04:00:00,51.94,,40.03
2024-04-04 05:00:00,54.08,,43.07
2024-04-04 06:00:00,60.9,,53.49
2024-04-04 07:00:00,65.47,,65.47
2024-04-04 08:00:00,75.33,,75.33
2024-04-04 09:00:00,71.79,,71.79
2024-04-04 10:00:00,69.17,,69.17
2024-04-04 11:00:00,63.06,,63.06
2024-04-04 12:00:00,58.08,,51.77
2024-04-04 13:00:00,56.22,,45.88
2024-04-04 14:00:00,55.49,,45.15
2024-04-04 15:00:00,56.17,,44.17
2024-04-04 16:00:00,57.08,,44.9
2024-04-04 17:00:00,69.08,,56.75
2024-04-04 18:00:00,75.36,,65.1
2024-04-04 19:00:00,90.48,,103.7
2024-04-04 20:00:00,69.8,,99.5
2024-04-04 21:00:00,61.73,,75.7
2024-04-04 22:00:00,58.92,,67.0
2024-04-04 23:00:00,57.67,,57.85
2024-04-05 00:00:00,52.85,,58.12
2024-04-05 01:00:00,51.2,,54.46
2024-04-05 02:00:00,49.95,,50.04
2024-04-05 03:00:00,47.91,,47.98
2024-04-05 04:00:00,47.37,,47.37
2024-04-05 05:00:00,47.29,,52.0
2024-04-05 06:00:00,60.16,,62.53
2024-04-05 07:00:00,76.79,,76.79
2024-04-05 08:00:00,80.0,,80.0
2024-04-05 09:00:00,67.59,,67.59
2024-04-05 10:00:00,50.5,,50.0
2024-04-05 11:00:00,45.54,,23.7
2024-04-05 12:00:00,44.43,,8.48
2024-04-05 13:00:00,40.03,,0.0
2024-04-05 14:00:00,37.07,,-0.2
2024-04-05 15:00:00,23.69,,-10.07
2024-04-05 16:00:00,8.09,,-15.0
2024-04-05 17:00:00,37.46,,6.0
2024-04-05 18:00:00,49.65,,44.66
2024-04-05 19:00:00,53.4,,58.4
2024-04-05 20:00:00,53.92,,64.89
2024-04-05 21:00:00,53.4,,62.94
2024-04-05 22:00:00,52.73,,58.99
2024-04-05 23:00:00,49.62,,50.2
2024-04-06 00:00:00,42.31,,42.31
2024-04-06 01:00:00,43.78,,43.78
2024-04-06 02:00:00,44.0,,44.0
2024-04-06 03:00:00,44.87,,44.87
2024-04-06 04:00:00,47.51,,48.09
2024-04-06 05:00:00,48.25,,48.25
2024-04-06 06:00:00,49.94,,50.01
2024-04-06 07:00:00,51.26,,51.19
2024-04-06 08:00:00,50.23,,48.0
2024-04-06 09:00:00,48.25,,27.16
2024-04-06 10:00:00,29.42,,-14.86
2024-04-06 11:00:00,4.6,,-22.1
2024-04-06 12:00:00,16.5,,-50.0
2024-04-06 13:00:00,2.0,,-120.92
2024-04-06 14:00:00,0.04,,-125.3
2024-04-06 15:00:00,0.06,,-50.0
2024-04-06 16:00:00,0.1,,-20.0
2024-04-06 17:00:00,15.81,,0.0
2024-04-06 18:00:00,52.7,,55.92
2024-04-06 19:00:00,50.96,,69.2
2024-04-06 20:00:00,46.88,,65.0
2024-04-06 21:00:00,43.71,,64.9
2024-04-06 22:00:00,39.65,,46.6
2024-04-06 23:00:00,25.26,,30.0
2024-04-07 00:00:00,10.97,,10.24
2024-04-07 01:00:00,0.09,,0.09
2024-04-07 02:00:00,0.0,,0.0
2024-04-07 03:00:00,,,
2024-04-07 04:00:00,,,
2024-04-07 05:00:00,,,
2024-04-07 06:00:00,,,
2024-04-07 07:00:00,,,
2024-04-07 08:00:00,,,
2024-04-07 09:00:00,-0.01,,-0.01
2024-04-07 10:00:00,-0.16,,-10.01
2024-04-07 11:00:00,-3.01,,-21.0
2024-04-07 12:00:00,-4.1,,-34.91
2024-04-07 13:00:00,-6.55,,-50.0
2024-04-07 14:00:00,-10.0,,-49.0
2024-04-07 15:00:00,-5.04,,-20.0
2024-04-07 16:00:00,-0.16,,-0.16
2024-04-07 17:00:00,4.28,,4.28
2024-04-07 18:00:00,38.72,,51.32
2024-04-07 19:00:00,46.12,,84.0
2024-04-07 20:00:00,47.79,,90.93
2024-04-07 21:00:00,48.21,,80.1
2024-04-07 22:00:00,45.69,,75.31
2024-04-07 23:00:00,42.75,,69.68
2024-04-08 00:00:00,41.34,,70.1
2024-04-08 01:00:00,39.57,,64.53
2024-04-08 02:00:00,39.16,,63.91
2024-04-08 03:00:00,41.87,,66.06
2024-04-08 04:00:00,44.04,,66.49
2024-04-08 05:00:00,44.86,,69.48
2024-04-08 06:00:00,50.51,,93.19
2024-04-08 07:00:00,53.16,,149.78
2024-04-08 08:00:00,58.0,,128.52
2024-04-08 09:00:00,80.88,,85.51
2024-04-08 10:00:00,54.02,,69.89
2024-04-08 11:00:00,53.56,,67.1
2024-04-08 12:00:00,53.24,,64.7
2024-04-08 13:00:00,56.56,,60.0
2024-04-08 14:00:00,57.89,,57.89
2024-04-08 15:00:00,53.05,,63.4
2024-04-08 16:00:00,70.0,,70.0
2024-04-08 17:00:00,75.01,,75.01
2024-04-08 18:00:00,104.9,,104.9
2024-04-08 19:00:00,137.3,,137.3
2024-04-08 20:00:00,124.8,,124.8
2024-04-08 21:00:00,84.85,,84.85
2024-04-08 22:00:00,77.0,,77.0
2024-04-08 23:00:00,70.19,,75.56
2024-04-09 00:00:00,78.21,,83.31
2024-04-09 01:00:00,69.39,,69.39
2024-04-09 02:00:00,64.73,,64.73
2024-04-09 03:00:00,59.02,,59.02
2024-04-09 04:00:00,60.84,,60.84
2024-04-09 05:00:00,65.48,,65.48
2024-04-09 06:00:00,77.2,,77.2
2024-04-09 07:00:00,89.95,,89.95
2024-04-09 08:00:00,79.78,,79.78
2024-04-09 09:00:00,68.3,,68.3
2024-04-09 10:00:00,51.56,,50.5
2024-04-09 11:00:00,43.98,,42.87
2024-04-09 12:00:00,36.05,,32.78
2024-04-09 13:00:00,10.09,,7.1
2024-04-09 14:00:00,10.5,,7.56
2024-04-09 15:00:00,29.04,,0.0
2024-04-09 16:00:00,38.27,,13.2
2024-04-09 17:00:00,49.9,,40.72
2024-04-09 18:00:00,52.41,,61.6
2024-04-09 19:00:00,50.29,,73.51
2024-04-09 20:00:00,50.81,,79.92
2024-04-09 21:00:00,48.22,,66.64
2024-04-09 22:00:00,45.0,,59.52
2024-04-09 23:00:00,34.54,,34.54
