time,price_NL,price_DE_LU,price_DK_1
2024-01-01 00:00:00,0.1,0.23749999999999893,16.99
2024-01-01 01:00:00,0.01,0.05500000000000024,28.14
2024-01-01 02:00:00,0.0,-0.1425,26.66
2024-01-01 03:00:00,-0.01,-1.252499999999999,4.14
2024-01-01 04:00:00,-0.03,-2.9333333333333336,-0.03
2024-01-01 05:00:00,-0.02,-1.8399999999999999,-0.02
2024-01-01 06:00:00,-0.05,-5.7125,-0.05
2024-01-01 07:00:00,-0.02,-0.009999999999999787,-0.02
2024-01-01 08:00:00,0.0,-3.68,0.0
2024-01-01 09:00:00,0.04,-1.1333333333333335,0.08
2024-01-01 10:00:00,0.06,-6.045000000000001,41.34
2024-01-01 11:00:00,0.54,-6.51,43.51
2024-01-01 12:00:00,2.24,-8.23,43.02
2024-01-01 13:00:00,1.97,-9.136666666666667,44.29
2024-01-01 14:00:00,1.13,-1.9275000000000002,46.24
2024-01-01 15:00:00,3.19,5.9875,50.61
2024-01-01 16:00:00,40.0,25.915,59.47
2024-01-01 17:00:00,84.46,41.097500000000004,64.99
2024-01-01 18:00:00,61.74,41.292500000000004,61.74
2024-01-01 19:00:00,61.27,37.8275,61.27
2024-01-01 20:00:00,59.97,44.129999999999995,59.97
2024-01-01 21:00:00,54.92,37.595,54.92
2024-01-01 22:00:00,47.65,34.445,47.65
2024-01-01 23:00:00,35.55,26.275000000000002,35.55
2024-01-02 00:00:00,29.39,35.925000000000004,30.59
2024-01-02 01:00:00,19.6,29.585,20.07
2024-01-02 02:00:00,27.33,25.7425,31.03
2024-01-02 03:00:00,16.2,22.56,18.39
2024-01-02 04:00:00,9.5,22.5025,11.08
2024-01-02 05:00:00,11.2,33.040000000000006,13.78
2024-01-02 06:00:00,44.43,46.8675,47.63
2024-01-02 07:00:00,56.56,79.9825,58.1
2024-01-02 08:00:00,64.28,66.52,65.67
2024-01-02 09:00:00,66.12,85.54,64.73
2024-01-02 10:00:00,70.6,84.10666666666667,68.98
2024-01-02 11:00:00,78.8,73.79,73.54
2024-01-02 12:00:00,99.9,72.455,78.16
2024-01-02 13:00:00,102.5,65.5775,78.87
2024-01-02 14:00:00,110.6,65.42500000000001,79.24
2024-01-02 15:00:00,105.7,69.485,79.96
2024-01-02 16:00:00,100.7,76.5025,81.46
2024-01-02 17:00:00,118.93,81.02250000000001,80.92
2024-01-02 18:00:00,81.3,80.9025,74.95
2024-01-02 19:00:00,70.1,72.5925,63.18
2024-01-02 20:00:00,66.7,75.52250000000001,57.11
2024-01-02 21:00:00,54.9,70.9975,46.89
2024-01-02 22:00:00,53.18,62.5275,40.0
2024-01-02 23:00:00,54.9,60.0,21.81
2024-01-03 00:00:00,-0.39,5.662499999999999,1.04
2024-01-03 01:00:00,-1.61,3.565,-0.01
2024-01-03 02:00:00,-1.39,0.6666666666666666,0.0
2024-01-03 03:00:00,-1.31,-0.05666666666666667,-0.01
2024-01-03 04:00:00,-1.39,0.6300000000000008,0.0
2024-01-03 05:00:00,-1.95,7.87,0.02
2024-01-03 06:00:00,1.05,16.5675,1.09
2024-01-03 07:00:00,40.63,38.5325,40.59
2024-01-03 08:00:00,68.3,54.1375,59.61
2024-01-03 09:00:00,75.9,52.9125,60.61
2024-01-03 10:00:00,73.2,47.795,57.0
2024-01-03 11:00:00,69.2,37.24333333333333,54.89
2024-01-03 12:00:00,60.0,37.9375,59.8
2024-01-03 13:00:00,58.86,41.225,58.86
2024-01-03 14:00:00,60.86,41.725,60.86
2024-01-03 15:00:00,76.0,55.832499999999996,67.18
2024-01-03 16:00:00,79.0,67.3675,73.59
2024-01-03 17:00:00,101.0,77.7575,82.28
2024-01-03 18:00:00,114.6,81.0,82.97
2024-01-03 19:00:00,100.0,74.0,79.03
2024-01-03 20:00:00,73.23,66.97,73.23
2024-01-03 21:00:00,67.41,64.64,67.41
2024-01-03 22:00:00,65.0,64.22,65.0
2024-01-03 23:00:00,58.12,55.8275,58.12
2024-01-04 00:00:00,57.3,45.542500000000004,57.3
2024-01-04 01:00:00,50.46,39.932500000000005,50.46
2024-01-04 02:00:00,40.0,29.9725,40.0
2024-01-04 03:00:00,25.48,23.67,25.48
2024-01-04 04:00:00,35.0,32.84,35.0
2024-01-04 05:00:00,57.73,47.0375,57.73
2024-01-04 06:00:00,72.65,65.37,72.65
2024-01-04 07:00:00,85.02,82.08,85.02
2024-01-04 08:00:00,91.47,87.2,91.47
2024-01-04 09:00:00,94.2,88.4425,94.2
2024-01-04 10:00:00,91.61,87.6725,91.61
2024-01-04 11:00:00,90.03,88.745,90.03
2024-01-04 12:00:00,86.28,83.61,86.3
2024-01-04 13:00:00,85.96,84.1425,85.96
2024-01-04 14:00:00,92.11,90.8275,92.11
2024-01-04 15:00:00,98.62,98.82,98.62
2024-01-04 16:00:00,104.45,111.9975,105.73
2024-01-04 17:00:00,130.21,121.015,133.23
2024-01-04 18:00:00,140.67,134.34,144.65
2024-01-04 19:00:00,123.1,129.365,125.0
2024-01-04 20:00:00,101.65,118.08250000000001,103.59
2024-01-04 21:00:00,96.77,103.0775,100.01
2024-01-04 22:00:00,93.04,94.62,94.86
2024-01-04 23:00:00,88.61,87.0875,88.83
2024-01-05 00:00:00,86.08,85.905,86.08
2024-01-05 01:00:00,80.51,81.04,80.51
2024-01-05 02:00:00,77.01,78.28999999999999,77.01
2024-01-05 03:00:00,72.88,77.2525,73.21
2024-01-05 04:00:00,72.12,77.14750000000001,74.05
2024-01-05 05:00:00,74.52,80.2975,76.03
2024-01-05 06:00:00,80.11,84.985,81.0
2024-01-05 07:00:00,87.17,99.0825,87.0
2024-01-05 08:00:00,89.78,105.13,89.57
2024-01-05 09:00:00,95.0,102.67500000000001,94.93
2024-01-05 10:00:00,96.29,99.5775,96.28
2024-01-05 11:00:00,98.22,96.14,98.22
2024-01-05 12:00:00,92.29,91.45,92.24
2024-01-05 13:00:00,91.65,90.7,91.54
2024-01-05 14:00:00,96.5,90.8,96.41
2024-01-05 15:00:00,100.13,95.80499999999999,100.05
2024-01-05 16:00:00,103.03,103.565,102.97
2024-01-05 17:00:00,107.43,114.9725,107.38
2024-01-05 18:00:00,108.47,114.405,108.45
2024-01-05 19:00:00,104.0,109.2825,103.96
2024-01-05 20:00:00,100.13,98.97749999999999,100.09
2024-01-05 21:00:00,94.21,91.3575,94.19
2024-01-05 22:00:00,94.92,88.19,94.92
2024-01-05 23:00:00,86.8,83.645,86.8
2024-01-06 00:00:00,82.25,80.245,82.25
2024-01-06 01:00:00,80.2,74.71,80.2
2024-01-06 02:00:00,76.13,72.5975,76.13
2024-01-06 03:00:00,73.01,69.83500000000001,73.01
2024-01-06 04:00:00,,69.08500000000001,
2024-01-06 05:00:00,74.59,69.9175,74.59
2024-01-06 06:00:00,75.1,72.25999999999999,75.1
2024-01-06 07:00:00,81.39,77.2175,81.39
2024-01-06 08:00:00,88.4,84.9325,88.4
2024-01-06 09:00:00,92.23,91.9075,92.23
2024-01-06 10:00:00,97.3,92.815,97.3
2024-01-06 11:00:00,100.43,93.0675,100.43
2024-01-06 12:00:00,99.16,91.41,99.16
2024-01-06 13:00:00,94.52,91.8425,95.22
2024-01-06 14:00:00,92.45,92.5,92.55
2024-01-06 15:00:00,94.18,93.4125,95.09
2024-01-06 16:00:00,99.22,96.905,99.85
2024-01-06 17:00:00,104.69,100.0525,104.69
2024-01-06 18:00:00,103.63,100.0375,103.84
2024-01-06 19:00:00,99.0,97.6625,99.31
2024-01-06 20:00:00,92.14,92.1875,92.23
2024-01-06 21:00:00,88.0,88.06,88.0
2024-01-06 22:00:00,86.57,84.8275,86.75
2024-01-06 23:00:00,79.87,79.78999999999999,80.03
2024-01-07 00:00:00,84.08,78.98,86.15
2024-01-07 01:00:00,79.82,75.8,82.46
2024-01-07 02:00:00,76.76,73.03999999999999,76.92
2024-01-07 03:00:00,73.46,69.0425,75.28
2024-01-07 04:00:00,71.86,64.7125,73.33
2024-01-07 05:00:00,72.08,64.3,73.78
2024-01-07 06:00:00,74.9,62.86,75.14
2024-01-07 07:00:00,77.69,70.6025,78.04
2024-01-07 08:00:00,81.79,82.7575,81.79
2024-01-07 09:00:00,84.86,87.83666666666666,85.03
2024-01-07 10:00:00,87.14,90.6,87.15
2024-01-07 11:00:00,89.13,90.66,89.32
2024-01-07 12:00:00,88.66,87.1325,91.5
2024-01-07 13:00:00,84.81,83.6025,87.52
2024-01-07 14:00:00,84.34,85.94,85.03
2024-01-07 15:00:00,88.01,87.9,88.01
2024-01-07 16:00:00,93.42,91.92,93.42
2024-01-07 17:00:00,101.77,98.4325,101.77
2024-01-07 18:00:00,104.85,98.075,104.85
2024-01-07 19:00:00,103.55,96.6675,103.55
2024-01-07 20:00:00,100.5,92.285,100.5
2024-01-07 21:00:00,93.31,88.6275,93.31
2024-01-07 22:00:00,91.17,88.44,91.17
2024-01-07 23:00:00,83.86,82.575,83.86
2024-01-08 00:00:00,87.02,75.91,87.02
2024-01-08 01:00:00,84.35,69.9625,84.32
2024-01-08 02:00:00,81.71,70.1925,81.82
2024-01-08 03:00:00,79.0,70.0,79.11
2024-01-08 04:00:00,78.47,71.29249999999999,78.48
2024-01-08 05:00:00,82.1,82.61500000000001,82.1
2024-01-08 06:00:00,94.3,95.6175,94.3
2024-01-08 07:00:00,111.09,110.88,111.1
2024-01-08 08:00:00,121.11,117.6725,121.11
2024-01-08 09:00:00,117.83,114.3725,117.83
2024-01-08 10:00:00,110.58,113.94,110.6
2024-01-08 11:00:00,103.0,109.2225,103.0
2024-01-08 12:00:00,84.9,102.1675,95.5
2024-01-08 13:00:00,89.56,102.16,94.03
2024-01-08 14:00:00,100.0,103.6525,102.33
2024-01-08 15:00:00,107.98,111.2125,107.98
2024-01-08 16:00:00,116.39,116.945,123.83
2024-01-08 17:00:00,129.15,135.20333333333335,129.15
2024-01-08 18:00:00,125.08,136.4175,130.01
2024-01-08 19:00:00,111.9,123.87,122.12
2024-01-08 20:00:00,100.1,117.36500000000001,114.21
2024-01-08 21:00:00,91.0,102.57,102.83
2024-01-08 22:00:00,92.0,97.77,99.98
2024-01-08 23:00:00,91.49,87.9175,91.49
2024-01-09 00:00:00,80.95,89.7725,88.16
2024-01-09 01:00:00,79.98,89.485,87.04
2024-01-09 02:00:00,85.0,87.4675,85.0
2024-01-09 03:00:00,83.42,85.515,84.14
2024-01-09 04:00:00,80.57,87.30250000000001,85.72
2024-01-09 05:00:00,85.8,89.9225,89.28
2024-01-09 06:00:00,83.9,107.8425,108.51
2024-01-09 07:00:00,91.12,125.9425,124.06
2024-01-09 08:00:00,125.7,134.81,133.24
2024-01-09 09:00:00,119.96,130.9,120.91
2024-01-09 10:00:00,98.0,111.445,113.19
2024-01-09 11:00:00,90.0,105.8375,105.78
2024-01-09 12:00:00,78.8,101.96000000000001,100.22
2024-01-09 13:00:00,77.78,101.995,100.82
2024-01-09 14:00:00,85.0,111.11,110.89
2024-01-09 15:00:00,99.9,118.9975,119.4
2024-01-09 16:00:00,112.67,131.59,127.85
2024-01-09 17:00:00,135.69,146.6,137.84
2024-01-09 18:00:00,129.25,158.56,137.8
2024-01-09 19:00:00,126.3,143.3475,130.43
2024-01-09 20:00:00,108.82,125.405,120.24
2024-01-09 21:00:00,93.66,114.735,111.68
2024-01-09 22:00:00,84.9,105.2775,106.18
2024-01-09 23:00:00,88.0,101.0,97.09
2024-01-10 00:00:00,75.54,95.65,89.29
2024-01-10 01:00:00,86.76,91.57,86.76
2024-01-10 02:00:00,86.73,87.9175,86.73
2024-01-10 03:00:00,81.22,86.7225,86.09
2024-01-10 04:00:00,80.48,87.98,86.3
2024-01-10 05:00:00,77.9,92.74000000000001,89.05
2024-01-10 06:00:00,79.3,109.25999999999999,108.88
2024-01-10 07:00:00,96.0,131.135,126.29
2024-01-10 08:00:00,132.52,143.64249999999998,141.28
2024-01-10 09:00:00,130.39,131.0,130.39
2024-01-10 10:00:00,111.21,118.5375,118.56
2024-01-10 11:00:00,109.13,112.3175,109.13
2024-01-10 12:00:00,89.1,108.7825,102.21
2024-01-10 13:00:00,87.45,109.4,105.61
2024-01-10 14:00:00,84.9,116.5775,112.91
2024-01-10 15:00:00,106.34,126.1875,123.8
2024-01-10 16:00:00,127.94,136.9125,134.64
2024-01-10 17:00:00,143.79,147.8875,143.79
2024-01-10 18:00:00,140.0,148.075,140.0
2024-01-10 19:00:00,132.15,136.0,132.15
2024-01-10 20:00:00,120.0,122.89,120.0
2024-01-10 21:00:00,97.3,111.78999999999999,109.76
2024-01-10 22:00:00,91.3,107.9,104.49
2024-01-10 23:00:00,82.31,99.1625,90.9
2024-01-11 00:00:00,91.75,96.33500000000001,91.75
2024-01-11 01:00:00,88.59,89.61250000000001,88.59
2024-01-11 02:00:00,87.25,86.32249999999999,87.25
2024-01-11 03:00:00,82.38,85.1975,82.38
2024-01-11 04:00:00,81.2,85.5575,81.95
2024-01-11 05:00:00,79.6,90.34,89.36
2024-01-11 06:00:00,90.0,102.80499999999999,102.07
2024-01-11 07:00:00,116.87,119.9875,116.86
2024-01-11 08:00:00,141.0,133.1525,141.0
2024-01-11 09:00:00,129.16,127.91499999999999,129.16
2024-01-11 10:00:00,113.65,115.49,113.65
2024-01-11 11:00:00,106.48,108.0625,106.48
2024-01-11 12:00:00,99.38,102.7125,99.38
2024-01-11 13:00:00,99.0,101.725,99.0
2024-01-11 14:00:00,105.98,108.405,105.98
2024-01-11 15:00:00,117.31,117.97749999999999,117.96
2024-01-11 16:00:00,132.62,126.0725,137.35
2024-01-11 17:00:00,147.06,137.1575,150.09
2024-01-11 18:00:00,136.7,138.1575,136.69
2024-01-11 19:00:00,132.31,130.7825,132.31
2024-01-11 20:00:00,117.88,116.9175,117.88
2024-01-11 21:00:00,107.19,107.62,107.19
2024-01-11 22:00:00,100.0,102.4975,100.0
2024-01-11 23:00:00,81.0,95.215,97.22
2024-01-12 00:00:00,82.12,90.225,91.04
2024-01-12 01:00:00,80.63,84.525,88.22
2024-01-12 02:00:00,83.13,83.60249999999999,85.22
2024-01-12 03:00:00,77.29,80.9675,84.63
2024-01-12 04:00:00,78.0,81.28999999999999,84.34
2024-01-12 05:00:00,79.18,87.0025,84.24
2024-01-12 06:00:00,81.32,99.45,89.24
2024-01-12 07:00:00,118.2,117.1525,118.16
2024-01-12 08:00:00,140.74,134.9025,140.74
2024-01-12 09:00:00,134.96,127.605,134.96
2024-01-12 10:00:00,122.01,115.57499999999999,122.01
2024-01-12 11:00:00,114.73,108.0925,114.73
2024-01-12 12:00:00,106.98,102.575,106.98
2024-01-12 13:00:00,103.08,100.1325,103.08
2024-01-12 14:00:00,104.54,101.7025,104.54
2024-01-12 15:00:00,110.0,106.045,110.0
2024-01-12 16:00:00,120.0,115.32,120.0
2024-01-12 17:00:00,127.5,125.3725,127.5
2024-01-12 18:00:00,126.0,127.96249999999999,126.0
2024-01-12 19:00:00,119.47,119.2975,119.47
2024-01-12 20:00:00,107.13,109.83250000000001,107.13
2024-01-12 21:00:00,91.7,99.7675,91.7
2024-01-12 22:00:00,85.02,93.105,85.02
2024-01-12 23:00:00,82.49,86.47999999999999,82.49
2024-01-13 00:00:00,90.0,88.43,73.07
2024-01-13 01:00:00,85.43,83.60249999999999,74.85
2024-01-13 02:00:00,82.0,80.55,73.65
2024-01-13 03:00:00,78.47,75.68,71.37
2024-01-13 04:00:00,75.0,72.89,72.24
2024-01-13 05:00:00,74.94,71.5225,68.73
2024-01-13 06:00:00,78.16,72.9675,65.18
2024-01-13 07:00:00,77.9,80.6,68.51
2024-01-13 08:00:00,74.92,83.26,67.16
2024-01-13 09:00:00,85.4,84.9175,73.31
2024-01-13 10:00:00,88.4,82.785,72.02
2024-01-13 11:00:00,86.1,78.455,70.98
2024-01-13 12:00:00,79.7,75.42,69.95
2024-01-13 13:00:00,80.82,66.2375,63.67
2024-01-13 14:00:00,81.5,65.82,67.91
2024-01-13 15:00:00,87.0,68.025,68.61
2024-01-13 16:00:00,97.3,76.7525,70.78
2024-01-13 17:00:00,114.6,80.88,74.22
2024-01-13 18:00:00,102.8,82.125,75.81
2024-01-13 19:00:00,84.6,75.4525,73.82
2024-01-13 20:00:00,75.47,71.5925,73.06
2024-01-13 21:00:00,81.0,65.69,70.93
2024-01-13 22:00:00,85.0,63.7725,64.3
2024-01-13 23:00:00,80.0,48.4525,63.16
2024-01-14 00:00:00,74.9,53.825,64.02
2024-01-14 01:00:00,74.01,45.47,62.11
2024-01-14 02:00:00,69.9,42.1875,62.93
2024-01-14 03:00:00,68.24,40.1825,64.01
2024-01-14 04:00:00,71.92,41.0025,64.67
2024-01-14 05:00:00,80.0,43.692499999999995,65.2
2024-01-14 06:00:00,71.03,47.46,67.31
2024-01-14 07:00:00,75.92,59.9775,71.66
2024-01-14 08:00:00,79.27,66.85,76.74
2024-01-14 09:00:00,93.0,73.33333333333333,81.14
2024-01-14 10:00:00,97.11,73.50999999999999,80.63
2024-01-14 11:00:00,87.2,71.445,81.84
2024-01-14 12:00:00,80.39,68.3425,80.39
2024-01-14 13:00:00,77.04,65.1225,77.04
2024-01-14 14:00:00,79.15,66.2575,79.15
2024-01-14 15:00:00,82.32,74.1275,82.32
2024-01-14 16:00:00,86.62,82.745,86.62
2024-01-14 17:00:00,91.86,90.22,91.86
2024-01-14 18:00:00,94.9,93.8575,94.64
2024-01-14 19:00:00,85.0,89.72999999999999,85.26
2024-01-14 20:00:00,79.06,81.785,79.06
2024-01-14 21:00:00,78.6,75.315,78.6
2024-01-14 22:00:00,75.39,72.9325,75.39
2024-01-14 23:00:00,67.19,66.4025,67.19
2024-01-15 00:00:00,67.9,58.9325,67.9
2024-01-15 01:00:00,65.0,54.7325,65.0
2024-01-15 02:00:00,63.94,48.44,63.94
2024-01-15 03:00:00,62.04,44.755,62.04
2024-01-15 04:00:00,,50.6025,
2024-01-15 05:00:00,69.25,60.3725,69.25
2024-01-15 06:00:00,80.18,83.13499999999999,79.95
2024-01-15 07:00:00,84.4,104.1825,83.84
2024-01-15 08:00:00,99.34,102.8,99.3
2024-01-15 09:00:00,100.3,101.2225,100.29
2024-01-15 10:00:00,94.89,95.29,94.88
2024-01-15 11:00:00,90.2,93.28999999999999,90.26
2024-01-15 12:00:00,81.18,91.15,83.86
2024-01-15 13:00:00,82.2,91.05000000000001,82.15
2024-01-15 14:00:00,84.6,90.0,84.5
2024-01-15 15:00:00,89.57,92.38250000000001,89.44
2024-01-15 16:00:00,97.62,101.5,99.92
2024-01-15 17:00:00,106.51,111.9225,109.08
2024-01-15 18:00:00,112.81,111.7525,115.57
2024-01-15 19:00:00,105.13,109.3475,110.66
2024-01-15 20:00:00,94.4,108.04,103.15
2024-01-15 21:00:00,79.04,101.285,92.95
2024-01-15 22:00:00,77.76,94.375,89.49
2024-01-15 23:00:00,78.5,87.4275,86.43
2024-01-16 00:00:00,68.0,79.25999999999999,81.45
2024-01-16 01:00:00,76.51,78.26,81.4
2024-01-16 02:00:00,77.43,75.6525,80.07
2024-01-16 03:00:00,76.82,75.2875,78.26
2024-01-16 04:00:00,73.05,80.4875,77.59
2024-01-16 05:00:00,72.61,82.3725,83.45
2024-01-16 06:00:00,92.4,90.19,94.07
2024-01-16 07:00:00,115.8,110.1775,114.77
2024-01-16 08:00:00,144.11,129.5925,150.15
2024-01-16 09:00:00,138.6,124.2725,150.32
2024-01-16 10:00:00,122.0,115.6825,139.4
2024-01-16 11:00:00,110.0,103.66499999999999,116.91
2024-01-16 12:00:00,88.0,98.19,103.43
2024-01-16 13:00:00,88.1,96.0975,94.98
2024-01-16 14:00:00,84.0,97.32,96.0
2024-01-16 15:00:00,110.29,105.50333333333333,110.25
2024-01-16 16:00:00,111.69,115.235,111.39
2024-01-16 17:00:00,128.3,126.95750000000001,128.15
2024-01-16 18:00:00,122.1,123.42,127.31
2024-01-16 19:00:00,102.0,115.07000000000001,111.77
2024-01-16 20:00:00,89.97,104.4125,95.49
2024-01-16 21:00:00,84.0,90.1875,86.21
2024-01-16 22:00:00,82.21,86.0725,82.04
2024-01-16 23:00:00,75.2,80.075,77.69
2024-01-17 00:00:00,71.8,75.25,67.86
2024-01-17 01:00:00,71.65,74.245,67.35
2024-01-17 02:00:00,70.73,72.9925,66.48
2024-01-17 03:00:00,69.79,71.7025,65.6
2024-01-17 04:00:00,69.54,70.9175,65.36
2024-01-17 05:00:00,71.31,77.2,65.33
2024-01-17 06:00:00,75.57,81.235,66.94
2024-01-17 07:00:00,84.94,96.5775,79.28
2024-01-17 08:00:00,96.74,112.1725,96.0
2024-01-17 09:00:00,106.18,112.97,102.87
2024-01-17 10:00:00,110.33,112.1075,106.91
2024-01-17 11:00:00,111.1,113.315,107.66
2024-01-17 12:00:00,113.74,109.615,117.71
2024-01-17 13:00:00,116.73,110.5175,121.7
2024-01-17 14:00:00,118.0,110.4825,121.74
2024-01-17 15:00:00,122.62,113.6275,125.46
2024-01-17 16:00:00,126.55,120.83250000000001,128.56
2024-01-17 17:00:00,136.91,131.14999999999998,140.52
2024-01-17 18:00:00,122.51,129.3125,123.59
2024-01-17 19:00:00,113.1,114.4725,114.28
2024-01-17 20:00:00,99.16,107.21,109.8
2024-01-17 21:00:00,93.73,95.095,101.09
2024-01-17 22:00:00,89.1,88.545,94.28
2024-01-17 23:00:00,83.21,82.145,84.17
2024-01-18 00:00:00,80.3,79.7075,81.33
2024-01-18 01:00:00,76.99,75.9825,77.2
2024-01-18 02:00:00,74.67,74.1575,75.29
2024-01-18 03:00:00,74.18,73.66499999999999,74.91
2024-01-18 04:00:00,76.09,75.395,77.57
2024-01-18 05:00:00,77.6,77.925,81.0
2024-01-18 06:00:00,89.09,92.5425,91.25
2024-01-18 07:00:00,109.23,107.77,111.55
2024-01-18 08:00:00,121.98,117.4825,125.89
2024-01-18 09:00:00,118.26,116.17750000000001,122.17
2024-01-18 10:00:00,110.4,108.1525,110.9
2024-01-18 11:00:00,80.0,104.0,107.95
2024-01-18 12:00:00,83.95,97.5575,93.55
2024-01-18 13:00:00,70.64,95.1375,87.62
2024-01-18 14:00:00,86.61,93.545,86.43
2024-01-18 15:00:00,85.8,96.13,94.25
2024-01-18 16:00:00,98.68,101.4025,99.52
2024-01-18 17:00:00,103.75,108.8075,104.68
2024-01-18 18:00:00,103.35,109.8075,103.26
2024-01-18 19:00:00,87.85,103.6325,94.53
2024-01-18 20:00:00,81.0,96.0375,86.97
2024-01-18 21:00:00,83.14,88.4525,81.13
2024-01-18 22:00:00,76.63,80.9375,77.43
2024-01-18 23:00:00,73.61,74.2175,71.33
2024-01-19 00:00:00,69.14,74.01,68.4
2024-01-19 01:00:00,66.26,70.5475,65.34
2024-01-19 02:00:00,63.0,68.86,64.05
2024-01-19 03:00:00,62.76,66.555,62.76
2024-01-19 04:00:00,63.32,66.565,63.32
2024-01-19 05:00:00,66.9,69.7925,65.85
2024-01-19 06:00:00,76.49,81.5125,75.74
2024-01-19 07:00:00,86.0,97.10499999999999,85.73
2024-01-19 08:00:00,104.27,105.89,104.06
2024-01-19 09:00:00,99.91,101.6675,102.85
2024-01-19 10:00:00,87.53,92.37,95.15
2024-01-19 11:00:00,84.0,87.7925,86.36
2024-01-19 12:00:00,72.21,81.275,76.83
2024-01-19 13:00:00,73.36,76.27999999999999,73.35
2024-01-19 14:00:00,75.22,76.79333333333334,75.21
2024-01-19 15:00:00,73.04,78.85,77.45
2024-01-19 16:00:00,84.9,86.3675,84.69
2024-01-19 17:00:00,93.75,92.09666666666665,93.6
2024-01-19 18:00:00,87.9,92.7825,88.05
2024-01-19 19:00:00,74.9,85.05499999999999,77.37
2024-01-19 20:00:00,72.95,78.2875,74.0
2024-01-19 21:00:00,71.12,73.095,71.12
2024-01-19 22:00:00,68.64,70.8925,68.64
2024-01-19 23:00:00,64.75,64.825,64.75
2024-01-20 00:00:00,66.0,68.605,66.0
2024-01-20 01:00:00,67.51,66.6375,63.45
2024-01-20 02:00:00,63.54,62.585,63.54
2024-01-20 03:00:00,61.82,60.11,61.82
2024-01-20 04:00:00,61.85,58.455,61.85
2024-01-20 05:00:00,61.75,63.2975,61.75
2024-01-20 06:00:00,62.59,65.28,62.59
2024-01-20 07:00:00,66.9,67.9325,66.9
2024-01-20 08:00:00,74.82,71.4425,74.82
2024-01-20 09:00:00,77.9,74.86,77.9
2024-01-20 10:00:00,71.8,69.1725,71.8
2024-01-20 11:00:00,69.6,67.5175,70.77
2024-01-20 12:00:00,64.89,65.2575,67.73
2024-01-20 13:00:00,66.9,64.2425,68.78
2024-01-20 14:00:00,73.37,67.14,73.39
2024-01-20 15:00:00,79.14,72.05,79.11
2024-01-20 16:00:00,87.86,80.2575,87.8
2024-01-20 17:00:00,94.98,90.945,94.93
2024-01-20 18:00:00,99.89,93.79,99.87
2024-01-20 19:00:00,91.57,89.13,91.57
2024-01-20 20:00:00,80.0,81.9675,80.0
2024-01-20 21:00:00,75.72,75.6975,73.39
2024-01-20 22:00:00,70.42,73.855,70.42
2024-01-20 23:00:00,69.13,70.0475,66.99
2024-01-21 00:00:00,62.5,65.03,59.7
2024-01-21 01:00:00,57.0,61.87,57.55
2024-01-21 02:00:00,55.15,58.7675,55.15
2024-01-21 03:00:00,50.89,50.2025,50.89
2024-01-21 04:00:00,48.31,44.4775,48.51
2024-01-21 05:00:00,46.94,37.25,47.45
2024-01-21 06:00:00,45.0,36.379999999999995,45.53
2024-01-21 07:00:00,42.17,41.947500000000005,43.96
2024-01-21 08:00:00,51.0,41.935,51.36
2024-01-21 09:00:00,60.0,47.8825,54.36
2024-01-21 10:00:00,59.09,43.150000000000006,46.06
2024-01-21 11:00:00,56.24,33.792500000000004,48.67
2024-01-21 12:00:00,59.9,34.175000000000004,38.48
2024-01-21 13:00:00,52.74,30.09,37.69
2024-01-21 14:00:00,55.84,28.527499999999996,44.3
2024-01-21 15:00:00,57.21,30.7825,49.04
2024-01-21 16:00:00,55.53,46.09,49.83
2024-01-21 17:00:00,68.79,64.02250000000001,56.65
2024-01-21 18:00:00,82.0,66.215,61.45
2024-01-21 19:00:00,64.0,58.455,58.64
2024-01-21 20:00:00,60.2,55.69,51.5
2024-01-21 21:00:00,57.0,37.4425,52.46
2024-01-21 22:00:00,54.26,37.44,50.39
2024-01-21 23:00:00,53.27,36.8625,39.46
2024-01-22 00:00:00,44.08,4.89,36.66
2024-01-22 01:00:00,49.99,2.7849999999999993,22.24
2024-01-22 02:00:00,45.0,0.6974999999999993,18.62
2024-01-22 03:00:00,27.92,6.003333333333333,5.04
2024-01-22 04:00:00,18.0,2.75,5.06
2024-01-22 05:00:00,20.5,5.0825,20.0
2024-01-22 06:00:00,42.27,39.537499999999994,40.5
2024-01-22 07:00:00,68.5,60.24250000000001,60.47
2024-01-22 08:00:00,130.0,60.9825,66.48
2024-01-22 09:00:00,89.6,56.745,57.58
2024-01-22 10:00:00,74.34,58.63,61.55
2024-01-22 11:00:00,60.6,51.8975,60.6
2024-01-22 12:00:00,57.01,46.7875,56.92
2024-01-22 13:00:00,56.52,41.3425,56.72
2024-01-22 14:00:00,58.55,40.57,58.23
2024-01-22 15:00:00,60.47,45.955,59.73
2024-01-22 16:00:00,67.0,62.0475,59.99
2024-01-22 17:00:00,88.77,65.95750000000001,61.85
2024-01-22 18:00:00,110.3,67.8875,61.03
2024-01-22 19:00:00,98.1,63.17,60.03
2024-01-22 20:00:00,67.43,58.1875,59.6
2024-01-22 21:00:00,64.41,48.785000000000004,57.0
2024-01-22 22:00:00,56.22,42.635,55.89
2024-01-22 23:00:00,50.35,32.3,49.88
2024-01-23 00:00:00,16.84,35.1925,16.23
2024-01-23 01:00:00,10.99,30.599999999999998,10.1
2024-01-23 02:00:00,10.0,22.93,9.37
2024-01-23 03:00:00,5.0,18.2175,4.17
2024-01-23 04:00:00,10.84,15.2675,10.22
2024-01-23 05:00:00,39.51,28.285,39.23
2024-01-23 06:00:00,61.51,49.9,58.99
2024-01-23 07:00:00,88.25,70.8375,60.93
2024-01-23 08:00:00,115.8,81.78,61.9
2024-01-23 09:00:00,96.68,74.66,61.11
2024-01-23 10:00:00,80.9,73.6325,59.97
2024-01-23 11:00:00,65.0,66.065,59.44
2024-01-23 12:00:00,64.13,63.2025,59.14
2024-01-23 13:00:00,63.36,61.9,59.43
2024-01-23 14:00:00,70.02,68.065,61.9
2024-01-23 15:00:00,74.3,65.9975,62.76
2024-01-23 16:00:00,77.19,74.3825,66.29
2024-01-23 17:00:00,81.81,81.4025,68.46
2024-01-23 18:00:00,84.89,80.58,66.78
2024-01-23 19:00:00,75.35,71.4275,63.34
2024-01-23 20:00:00,65.0,68.4375,60.46
2024-01-23 21:00:00,63.2,55.2675,53.74
2024-01-23 22:00:00,53.4,45.41,45.36
2024-01-23 23:00:00,35.0,37.5325,33.26
2024-01-24 00:00:00,4.85,10.8425,3.05
2024-01-24 01:00:00,2.12,4.2125,-0.03
2024-01-24 02:00:00,0.0,1.9224999999999999,0.0
2024-01-24 03:00:00,-3.89,1.3575,-0.01
2024-01-24 04:00:00,-5.0,1.545,-0.02
2024-01-24 05:00:00,0.0,16.09,-0.18
2024-01-24 06:00:00,16.65,39.5225,14.76
2024-01-24 07:00:00,67.5,57.29,42.09
2024-01-24 08:00:00,95.0,59.21333333333333,50.07
2024-01-24 09:00:00,93.33,65.3725,49.54
2024-01-24 10:00:00,68.0,58.82,50.1
2024-01-24 11:00:00,52.21,54.3675,50.78
2024-01-24 12:00:00,39.32,48.935,39.32
2024-01-24 13:00:00,38.3,45.825,36.44
2024-01-24 14:00:00,46.5,46.315,45.04
2024-01-24 15:00:00,68.43,51.4225,49.95
2024-01-24 16:00:00,80.0,57.440000000000005,50.8
2024-01-24 17:00:00,98.0,67.5825,54.21
2024-01-24 18:00:00,92.72,70.4975,53.32
2024-01-24 19:00:00,100.1,64.6425,50.09
2024-01-24 20:00:00,84.0,62.03,42.18
2024-01-24 21:00:00,81.99,52.8675,40.04
2024-01-24 22:00:00,71.8,48.3925,42.01
2024-01-24 23:00:00,81.8,39.63,38.53
2024-01-25 00:00:00,64.9,39.435,44.34
2024-01-25 01:00:00,56.1,34.55,45.06
2024-01-25 02:00:00,67.2,33.45,43.34
2024-01-25 03:00:00,75.0,35.7,44.92
2024-01-25 04:00:00,75.31,41.2,46.22
2024-01-25 05:00:00,75.9,55.6575,52.38
2024-01-25 06:00:00,78.58,72.3375,58.03
2024-01-25 07:00:00,92.1,86.5625,66.05
2024-01-25 08:00:00,103.02,91.05000000000001,89.02
2024-01-25 09:00:00,94.0,90.9625,85.25
2024-01-25 10:00:00,83.96,87.96666666666665,81.35
2024-01-25 11:00:00,78.66,82.7375,76.22
2024-01-25 12:00:00,74.95,79.4,73.15
2024-01-25 13:00:00,76.55,80.315,75.99
2024-01-25 14:00:00,84.22,84.50999999999999,84.98
2024-01-25 15:00:00,88.61,90.8575,92.07
2024-01-25 16:00:00,96.98,100.4225,101.38
2024-01-25 17:00:00,116.0,109.0,123.38
2024-01-25 18:00:00,112.4,107.14750000000001,115.54
2024-01-25 19:00:00,98.53,99.465,98.79
2024-01-25 20:00:00,79.91,92.23,91.07
2024-01-25 21:00:00,84.28,82.0475,86.31
2024-01-25 22:00:00,79.4,76.5325,80.43
2024-01-25 23:00:00,74.17,69.7575,75.16
2024-01-26 00:00:00,62.8,70.4375,62.8
2024-01-26 01:00:00,62.0,61.18,61.96
2024-01-26 02:00:00,58.49,56.8025,58.49
2024-01-26 03:00:00,54.79,53.18,54.79
2024-01-26 04:00:00,47.4,52.625,47.62
2024-01-26 05:00:00,50.87,55.0,50.65
2024-01-26 06:00:00,58.15,61.9825,56.27
2024-01-26 07:00:00,71.98,73.0075,62.97
2024-01-26 08:00:00,77.45,79.0975,64.94
2024-01-26 09:00:00,80.1,76.97749999999999,63.8
2024-01-26 10:00:00,71.34,71.025,61.22
2024-01-26 11:00:00,58.94,65.72,58.74
2024-01-26 12:00:00,52.08,57.269999999999996,52.28
2024-01-26 13:00:00,46.3,52.5075,46.47
2024-01-26 14:00:00,50.0,51.292500000000004,49.28
2024-01-26 15:00:00,51.17,56.1875,50.11
2024-01-26 16:00:00,75.0,64.1125,52.74
2024-01-26 17:00:00,95.0,74.3375,57.37
2024-01-26 18:00:00,135.57,75.7575,55.28
2024-01-26 19:00:00,111.12,73.785,54.53
2024-01-26 20:00:00,95.8,70.0025,54.32
2024-01-26 21:00:00,82.0,63.17,54.35
2024-01-26 22:00:00,84.2,57.8675,54.39
2024-01-26 23:00:00,79.36,54.3975,53.71
2024-01-27 00:00:00,74.5,53.2925,54.44
2024-01-27 01:00:00,68.9,53.1,55.03
2024-01-27 02:00:00,65.9,50.56999999999999,56.21
2024-01-27 03:00:00,59.0,50.935,55.05
2024-01-27 04:00:00,56.49,52.73,55.74
2024-01-27 05:00:00,58.58,53.535000000000004,56.83
2024-01-27 06:00:00,59.98,58.7225,57.24
2024-01-27 07:00:00,66.9,61.19499999999999,57.86
2024-01-27 08:00:00,86.76,68.0625,58.13
2024-01-27 09:00:00,86.2,66.93,58.5
2024-01-27 10:00:00,80.17,62.2625,58.2
2024-01-27 11:00:00,60.33,60.872499999999995,56.61
2024-01-27 12:00:00,55.84,54.7725,55.84
2024-01-27 13:00:00,53.88,53.81,53.88
2024-01-27 14:00:00,59.73,56.9875,59.14
2024-01-27 15:00:00,78.2,67.96000000000001,57.95
2024-01-27 16:00:00,82.4,76.14,58.93
2024-01-27 17:00:00,91.22,86.4425,61.75
2024-01-27 18:00:00,95.97,92.355,61.31
2024-01-27 19:00:00,92.62,90.33,59.43
2024-01-27 20:00:00,84.43,83.295,58.21
2024-01-27 21:00:00,75.96,77.5975,57.85
2024-01-27 22:00:00,75.97,74.3775,57.73
2024-01-27 23:00:00,72.7,70.56,57.61
2024-01-28 00:00:00,66.77,68.5875,66.77
2024-01-28 01:00:00,60.7,66.1,58.8
2024-01-28 02:00:00,59.1,64.4,58.26
2024-01-28 03:00:00,58.89,59.925,57.72
2024-01-28 04:00:00,59.97,60.11,57.87
2024-01-28 05:00:00,62.41,60.15,57.63
2024-01-28 06:00:00,59.32,61.50749999999999,57.72
2024-01-28 07:00:00,58.98,65.245,58.98
2024-01-28 08:00:00,59.2,68.0325,59.2
2024-01-28 09:00:00,55.22,66.45,55.08
2024-01-28 10:00:00,51.35,57.0625,51.16
2024-01-28 11:00:00,45.51,51.575,45.75
2024-01-28 12:00:00,41.24,48.1025,41.58
2024-01-28 13:00:00,40.25,45.917500000000004,40.09
2024-01-28 14:00:00,49.71,50.195,50.65
2024-01-28 15:00:00,54.9,56.545,56.41
2024-01-28 16:00:00,66.29,67.5625,57.93
2024-01-28 17:00:00,76.42,75.875,57.86
2024-01-28 18:00:00,74.7,79.4125,57.33
2024-01-28 19:00:00,70.16,80.05250000000001,56.61
2024-01-28 20:00:00,68.61,71.0175,54.34
2024-01-28 21:00:00,57.57,66.12,53.79
2024-01-28 22:00:00,59.66,64.715,53.71
2024-01-28 23:00:00,56.0,59.527499999999996,52.69
2024-01-29 00:00:00,49.97,47.525,48.74
2024-01-29 01:00:00,47.26,45.91,47.26
2024-01-29 02:00:00,48.12,45.4975,48.12
2024-01-29 03:00:00,47.97,43.942499999999995,47.97
2024-01-29 04:00:00,51.58,48.8975,51.58
2024-01-29 05:00:00,60.06,57.135,55.42
2024-01-29 06:00:00,80.15,72.0025,53.72
2024-01-29 07:00:00,92.69,83.75999999999999,62.02
2024-01-29 08:00:00,99.2,88.38749999999999,83.23
2024-01-29 09:00:00,88.39,85.8,88.39
2024-01-29 10:00:00,78.9,73.7975,78.9
2024-01-29 11:00:00,71.27,66.765,71.27
2024-01-29 12:00:00,70.24,63.155,70.24
2024-01-29 13:00:00,74.87,65.0925,74.99
2024-01-29 14:00:00,81.99,71.575,82.55
2024-01-29 15:00:00,95.67,78.385,97.6
2024-01-29 16:00:00,104.79,90.5575,108.43
2024-01-29 17:00:00,120.2,102.8625,127.42
2024-01-29 18:00:00,115.92,103.1625,117.3
2024-01-29 19:00:00,107.52,99.17500000000001,107.52
2024-01-29 20:00:00,90.95,90.39,91.98
2024-01-29 21:00:00,85.66,81.2525,86.79
2024-01-29 22:00:00,83.25,76.3475,83.42
2024-01-29 23:00:00,80.29,68.275,80.29
2024-01-30 00:00:00,71.94,70.5525,71.94
2024-01-30 01:00:00,68.76,68.9325,68.79
2024-01-30 02:00:00,69.37,67.255,69.37
2024-01-30 03:00:00,67.09,63.965,67.44
2024-01-30 04:00:00,66.63,64.77250000000001,67.18
2024-01-30 05:00:00,69.37,68.59,69.37
2024-01-30 06:00:00,78.61,80.025,68.67
2024-01-30 07:00:00,90.77,89.25999999999999,75.29
2024-01-30 08:00:00,95.94,95.32,83.51
2024-01-30 09:00:00,84.93,88.16,84.67
2024-01-30 10:00:00,77.15,81.25999999999999,77.15
2024-01-30 11:00:00,70.1,76.0825,65.36
2024-01-30 12:00:00,68.1,71.775,63.81
2024-01-30 13:00:00,68.23,72.1325,63.69
2024-01-30 14:00:00,71.93,74.2075,64.02
2024-01-30 15:00:00,78.6,77.18,62.64
2024-01-30 16:00:00,81.97,81.13499999999999,63.73
2024-01-30 17:00:00,88.36,90.0025,71.9
2024-01-30 18:00:00,99.38,95.4325,61.42
2024-01-30 19:00:00,110.41,91.4525,58.45
2024-01-30 20:00:00,89.9,84.64,56.72
2024-01-30 21:00:00,80.12,78.69749999999999,53.92
2024-01-30 22:00:00,82.45,74.0725,53.56
2024-01-30 23:00:00,77.3,69.6975,53.25
2024-01-31 00:00:00,78.9,65.63,51.61
2024-01-31 01:00:00,74.03,62.3525,51.38
2024-01-31 02:00:00,70.89,61.4025,51.26
2024-01-31 03:00:00,69.82,62.417500000000004,51.06
2024-01-31 04:00:00,69.17,64.935,51.39
2024-01-31 05:00:00,73.86,69.875,50.81
2024-01-31 06:00:00,84.77,81.22,55.01
2024-01-31 07:00:00,105.17,95.74000000000001,56.91
2024-01-31 08:00:00,120.0,99.05,57.9
2024-01-31 09:00:00,93.53,92.39,56.6
2024-01-31 10:00:00,82.98,85.33333333333333,55.66
2024-01-31 11:00:00,77.09,75.76,53.71
2024-01-31 12:00:00,74.91,69.09,53.73
2024-01-31 13:00:00,67.5,67.0,46.42
2024-01-31 14:00:00,66.8,68.81,40.05
2024-01-31 15:00:00,73.94,72.4975,39.97
2024-01-31 16:00:00,78.55,78.1,39.92
2024-01-31 17:00:00,85.65,83.7175,49.36
2024-01-31 18:00:00,85.5,87.2025,46.99
2024-01-31 19:00:00,69.2,82.195,41.24
2024-01-31 20:00:00,62.78,68.5,36.8
2024-01-31 21:00:00,58.18,58.13,34.1
2024-01-31 22:00:00,54.0,53.8525,33.53
2024-01-31 23:00:00,40.57,44.4275,39.73
2024-02-01 00:00:00,48.0,38.785,47.06
2024-02-01 01:00:00,42.37,38.19,41.12
2024-02-01 02:00:00,43.04,36.129999999999995,42.16
2024-02-01 03:00:00,43.94,36.3425,43.05
2024-02-01 04:00:00,47.63,40.49,46.91
2024-02-01 05:00:00,56.06,52.1325,49.39
2024-02-01 06:00:00,69.2,64.2025,50.35
2024-02-01 07:00:00,86.37,77.1375,52.27
2024-02-01 08:00:00,99.76,89.035,52.68
2024-02-01 09:00:00,92.77,84.7975,52.13
2024-02-01 10:00:00,83.71,77.9825,51.49
2024-02-01 11:00:00,75.5,65.9375,50.83
2024-02-01 12:00:00,67.6,62.6525,50.86
2024-02-01 13:00:00,57.26,56.1,50.42
2024-02-01 14:00:00,71.2,63.92,50.4
2024-02-01 15:00:00,87.5,71.8375,49.59
2024-02-01 16:00:00,84.0,81.455,51.45
2024-02-01 17:00:00,112.62,87.83,54.93
2024-02-01 18:00:00,113.0,95.2325,55.07
2024-02-01 19:00:00,98.03,96.045,55.06
2024-02-01 20:00:00,90.81,84.2025,55.03
2024-02-01 21:00:00,83.34,76.89750000000001,54.93
2024-02-01 22:00:00,81.91,75.02000000000001,54.79
2024-02-01 23:00:00,73.42,67.855,54.32
2024-02-02 00:00:00,64.32,65.92999999999999,55.74
2024-02-02 01:00:00,59.95,61.699999999999996,54.96
2024-02-02 02:00:00,58.0,58.7,53.98
2024-02-02 03:00:00,54.69,57.33,52.94
2024-02-02 04:00:00,53.14,57.3575,51.58
2024-02-02 05:00:00,55.13,58.629999999999995,53.09
2024-02-02 06:00:00,66.49,70.785,54.19
2024-02-02 07:00:00,77.91,82.3725,57.82
2024-02-02 08:00:00,89.61,92.4125,59.84
2024-02-02 09:00:00,86.21,85.7175,58.1
2024-02-02 10:00:00,80.8,79.495,56.74
2024-02-02 11:00:00,75.17,73.5875,54.01
2024-02-02 12:00:00,64.89,66.3925,53.52
2024-02-02 13:00:00,62.56,58.84,53.18
2024-02-02 14:00:00,63.7,57.0975,51.59
2024-02-02 15:00:00,67.7,59.44,51.42
2024-02-02 16:00:00,80.0,60.817499999999995,51.69
2024-02-02 17:00:00,88.47,69.82,52.97
2024-02-02 18:00:00,99.97,71.24,53.21
2024-02-02 19:00:00,82.0,65.6075,51.74
2024-02-02 20:00:00,73.3,59.565,51.17
2024-02-02 21:00:00,70.0,50.8125,49.68
2024-02-02 22:00:00,63.15,48.495,46.03
2024-02-02 23:00:00,54.84,40.785,36.05
2024-02-03 00:00:00,49.68,21.9,24.74
2024-02-03 01:00:00,43.08,17.39,12.85
2024-02-03 02:00:00,34.9,13.165,6.73
2024-02-03 03:00:00,14.0,10.175,10.51
2024-02-03 04:00:00,10.98,10.102500000000001,8.53
2024-02-03 05:00:00,11.4,7.242500000000001,8.8
2024-02-03 06:00:00,16.48,18.55,16.48
2024-02-03 07:00:00,36.43,27.9,34.17
2024-02-03 08:00:00,46.91,36.3125,45.99
2024-02-03 09:00:00,67.48,42.91,45.97
2024-02-03 10:00:00,66.0,42.595,35.62
2024-02-03 11:00:00,58.02,38.0,30.42
2024-02-03 12:00:00,51.0,33.56,30.58
2024-02-03 13:00:00,47.9,29.9825,30.62
2024-02-03 14:00:00,42.53,30.692500000000003,40.74
2024-02-03 15:00:00,44.71,32.2325,43.7
2024-02-03 16:00:00,50.58,44.6875,49.36
2024-02-03 17:00:00,67.4,55.94,57.83
2024-02-03 18:00:00,106.0,60.7425,57.3
2024-02-03 19:00:00,96.0,62.6175,56.19
2024-02-03 20:00:00,72.45,48.0525,53.74
2024-02-03 21:00:00,63.1,41.5975,51.21
2024-02-03 22:00:00,51.41,38.275,50.81
2024-02-03 23:00:00,40.0,32.7975,38.71
2024-02-04 00:00:00,42.5,17.8925,35.3
2024-02-04 01:00:00,32.22,6.779999999999999,10.04
2024-02-04 02:00:00,6.9,5.0125,3.23
2024-02-04 03:00:00,0.72,2.7825,0.68
2024-02-04 04:00:00,0.0,1.37,0.0
2024-02-04 05:00:00,,1.1575000000000002,
2024-02-04 06:00:00,,1.1649999999999998,
2024-02-04 07:00:00,4.4,2.8474999999999997,1.05
2024-02-04 08:00:00,11.88,5.0200000000000005,8.87
2024-02-04 09:00:00,27.5,5.535,9.83
2024-02-04 10:00:00,40.0,5.1425,10.87
2024-02-04 11:00:00,26.67,5.885,12.81
2024-02-04 12:00:00,19.79,5.025,13.82
2024-02-04 13:00:00,5.07,2.5175000000000005,5.07
2024-02-04 14:00:00,14.0,3.3975,9.83
2024-02-04 15:00:00,31.68,2.7175,15.72
2024-02-04 16:00:00,41.2,8.209999999999999,18.43
2024-02-04 17:00:00,63.5,22.8625,38.91
2024-02-04 18:00:00,85.81,28.405,46.01
2024-02-04 19:00:00,70.9,26.087500000000002,36.17
2024-02-04 20:00:00,53.6,23.04,29.05
2024-02-04 21:00:00,54.89,20.060000000000002,24.52
2024-02-04 22:00:00,49.74,20.0425,24.44
2024-02-04 23:00:00,34.98,14.67,16.99
2024-02-05 00:00:00,1.63,19.36,1.63
2024-02-05 01:00:00,0.1,13.1625,0.1
2024-02-05 02:00:00,,12.765,
2024-02-05 03:00:00,0.22,14.3625,0.22
2024-02-05 04:00:00,0.08,20.58,0.08
2024-02-05 05:00:00,1.65,36.1725,1.65
2024-02-05 06:00:00,41.23,60.0,38.97
2024-02-05 07:00:00,85.0,79.89,58.91
2024-02-05 08:00:00,106.6,86.2825,62.32
2024-02-05 09:00:00,78.7,79.9,56.86
2024-02-05 10:00:00,55.2,73.18,53.82
2024-02-05 11:00:00,44.89,64.3325,46.27
2024-02-05 12:00:00,34.8,59.6175,48.02
2024-02-05 13:00:00,45.5,53.61,48.54
2024-02-05 14:00:00,54.0,52.78,53.98
2024-02-05 15:00:00,55.79,58.477500000000006,55.79
2024-02-05 16:00:00,65.0,68.8675,60.72
2024-02-05 17:00:00,86.21,84.135,68.47
2024-02-05 18:00:00,97.55,81.335,68.78
2024-02-05 19:00:00,80.1,72.0025,61.84
2024-02-05 20:00:00,69.96,61.52,60.48
2024-02-05 21:00:00,59.91,54.582499999999996,59.65
2024-02-05 22:00:00,56.04,49.7975,56.3
2024-02-05 23:00:00,47.41,39.1,47.41
2024-02-06 00:00:00,35.46,31.27,35.46
2024-02-06 01:00:00,28.2,21.9225,28.2
2024-02-06 02:00:00,10.0,15.3625,10.0
2024-02-06 03:00:00,4.98,12.094999999999999,4.98
2024-02-06 04:00:00,3.11,11.76,3.11
2024-02-06 05:00:00,20.09,21.6825,20.09
2024-02-06 06:00:00,50.0,44.5075,50.0
2024-02-06 07:00:00,69.22,62.61,68.16
2024-02-06 08:00:00,88.2,65.1025,62.0
2024-02-06 09:00:00,87.3,59.235,61.35
2024-02-06 10:00:00,87.1,51.115,58.68
2024-02-06 11:00:00,76.5,45.105,58.36
2024-02-06 12:00:00,64.9,36.295,59.09
2024-02-06 13:00:00,59.94,31.8275,58.24
2024-02-06 14:00:00,63.86,37.2625,60.02
2024-02-06 15:00:00,63.9,50.095,60.06
2024-02-06 16:00:00,64.7,51.595,60.82
2024-02-06 17:00:00,80.0,57.4875,62.97
2024-02-06 18:00:00,99.26,63.3425,61.96
2024-02-06 19:00:00,94.89,61.7125,61.16
2024-02-06 20:00:00,71.0,57.13,59.14
2024-02-06 21:00:00,62.62,52.135,56.44
2024-02-06 22:00:00,57.11,48.71,56.52
2024-02-06 23:00:00,53.3,42.129999999999995,53.3
2024-02-07 00:00:00,41.17,33.0875,41.17
2024-02-07 01:00:00,44.8,25.725,37.17
2024-02-07 02:00:00,49.9,26.3025,43.26
2024-02-07 03:00:00,60.98,29.675000000000004,46.59
2024-02-07 04:00:00,61.0,38.167500000000004,54.47
2024-02-07 05:00:00,65.6,50.545,59.63
2024-02-07 06:00:00,75.9,65.25999999999999,74.83
2024-02-07 07:00:00,88.6,79.3375,86.67
2024-02-07 08:00:00,94.9,84.45750000000001,87.0
2024-02-07 09:00:00,96.9,83.26,85.53
2024-02-07 10:00:00,81.88,79.93,81.17
2024-02-07 11:00:00,78.66,78.9475,78.01
2024-02-07 12:00:00,75.0,77.905,75.82
2024-02-07 13:00:00,73.8,78.485,78.29
2024-02-07 14:00:00,75.38,84.375,77.32
2024-02-07 15:00:00,85.3,90.2975,86.74
2024-02-07 16:00:00,93.03,104.375,97.3
2024-02-07 17:00:00,119.64,122.175,120.05
2024-02-07 18:00:00,135.8,126.62,136.22
2024-02-07 19:00:00,110.32,116.92999999999999,109.7
2024-02-07 20:00:00,98.0,98.07249999999999,99.91
2024-02-07 21:00:00,83.56,87.8175,87.65
2024-02-07 22:00:00,79.01,83.3625,83.63
2024-02-07 23:00:00,79.21,78.94500000000001,79.21
2024-02-08 00:00:00,73.7,78.84,73.7
2024-02-08 01:00:00,73.2,77.02250000000001,73.2
2024-02-08 02:00:00,72.15,76.9125,72.15
2024-02-08 03:00:00,68.63,75.66499999999999,71.18
2024-02-08 04:00:00,66.69,77.3875,70.95
2024-02-08 05:00:00,71.71,82.935,75.98
2024-02-08 06:00:00,82.06,95.1125,87.08
2024-02-08 07:00:00,104.49,113.2825,110.0
2024-02-08 08:00:00,131.91,126.86,133.15
2024-02-08 09:00:00,112.37,112.7675,113.55
2024-02-08 10:00:00,98.02,109.525,97.79
2024-02-08 11:00:00,89.55,98.0125,91.87
2024-02-08 12:00:00,84.01,93.9675,89.38
2024-02-08 13:00:00,85.52,93.0325,90.98
2024-02-08 14:00:00,83.32,92.2275,94.9
2024-02-08 15:00:00,84.0,93.6725,94.38
2024-02-08 16:00:00,76.81,97.9625,93.01
2024-02-08 17:00:00,77.2,103.2375,103.0
2024-02-08 18:00:00,84.0,99.525,94.67
2024-02-08 19:00:00,81.5,88.9,86.06
2024-02-08 20:00:00,77.57,80.61,83.2
2024-02-08 21:00:00,75.0,77.11,80.61
2024-02-08 22:00:00,70.82,74.75,75.6
2024-02-08 23:00:00,61.64,64.73,65.98
2024-02-09 00:00:00,60.36,64.995,60.43
2024-02-09 01:00:00,52.16,56.46,58.61
2024-02-09 02:00:00,47.15,53.925,55.74
2024-02-09 03:00:00,42.1,52.1325,51.61
2024-02-09 04:00:00,41.3,51.6025,49.96
2024-02-09 05:00:00,44.88,54.1525,51.41
2024-02-09 06:00:00,52.88,62.275,52.57
2024-02-09 07:00:00,63.7,76.13,63.02
2024-02-09 08:00:00,67.89,81.3675,62.19
2024-02-09 09:00:00,67.83,78.7125,63.76
2024-02-09 10:00:00,68.82,73.675,65.41
2024-02-09 11:00:00,67.61,71.575,65.35
2024-02-09 12:00:00,64.55,68.69749999999999,63.84
2024-02-09 13:00:00,63.7,65.0275,62.89
2024-02-09 14:00:00,68.68,68.425,68.68
2024-02-09 15:00:00,75.46,76.57,68.09
2024-02-09 16:00:00,82.38,81.9175,68.75
2024-02-09 17:00:00,92.49,88.6325,74.22
2024-02-09 18:00:00,94.29,90.44999999999999,75.94
2024-02-09 19:00:00,87.1,84.35,70.94
2024-02-09 20:00:00,80.54,80.11,67.25
2024-02-09 21:00:00,75.22,78.42750000000001,66.15
2024-02-09 22:00:00,74.91,75.3675,64.96
2024-02-09 23:00:00,70.94,68.7775,63.28
2024-02-10 00:00:00,63.1,67.31,61.14
2024-02-10 01:00:00,64.08,64.005,62.03
2024-02-10 02:00:00,64.4,62.09,62.34
2024-02-10 03:00:00,64.39,60.432500000000005,62.33
2024-02-10 04:00:00,64.41,60.8725,62.35
2024-02-10 05:00:00,65.82,63.352500000000006,63.35
2024-02-10 06:00:00,70.91,65.7475,62.64
2024-02-10 07:00:00,74.86,73.6875,63.26
2024-02-10 08:00:00,77.7,75.79,64.74
2024-02-10 09:00:00,80.38,75.25,65.72
2024-02-10 10:00:00,75.4,71.10249999999999,67.47
2024-02-10 11:00:00,70.42,68.03,67.27
2024-02-10 12:00:00,68.5,64.7425,66.18
2024-02-10 13:00:00,66.72,64.77250000000001,65.12
2024-02-10 14:00:00,69.53,66.52,66.91
2024-02-10 15:00:00,77.17,71.64750000000001,68.01
2024-02-10 16:00:00,85.05,80.62,68.92
2024-02-10 17:00:00,89.9,86.4725,88.4
2024-02-10 18:00:00,113.6,86.465,85.27
2024-02-10 19:00:00,89.0,81.9975,69.06
2024-02-10 20:00:00,74.4,76.1125,65.28
2024-02-10 21:00:00,70.0,71.945,64.18
2024-02-10 22:00:00,77.21,68.5625,63.38
2024-02-10 23:00:00,64.32,64.4325,61.93
2024-02-11 00:00:00,68.8,52.6275,55.48
2024-02-11 01:00:00,59.3,51.125,53.67
2024-02-11 02:00:00,52.6,50.0,52.6
2024-02-11 03:00:00,46.83,46.28,46.83
2024-02-11 04:00:00,46.51,44.5275,43.64
2024-02-11 05:00:00,46.25,45.83,46.25
2024-02-11 06:00:00,56.4,45.6,49.19
2024-02-11 07:00:00,63.03,48.275000000000006,53.16
2024-02-11 08:00:00,71.0,55.545,55.06
2024-02-11 09:00:00,66.1,60.1125,57.97
2024-02-11 10:00:00,68.4,59.9825,61.16
2024-02-11 11:00:00,65.46,55.76,63.97
2024-02-11 12:00:00,64.34,54.1175,63.05
2024-02-11 13:00:00,63.38,55.47,61.73
2024-02-11 14:00:00,64.06,56.4975,63.33
2024-02-11 15:00:00,68.22,60.685,66.02
2024-02-11 16:00:00,72.24,68.735,70.69
2024-02-11 17:00:00,79.72,78.0475,78.34
2024-02-11 18:00:00,112.0,80.425,80.58
2024-02-11 19:00:00,96.8,78.91,74.95
2024-02-11 20:00:00,77.03,73.7675,76.59
2024-02-11 21:00:00,70.72,68.3275,69.93
2024-02-11 22:00:00,68.39,67.0675,67.86
2024-02-11 23:00:00,64.01,58.295,63.88
2024-02-12 00:00:00,64.35,61.923333333333325,64.35
2024-02-12 01:00:00,61.65,55.21,61.59
2024-02-12 02:00:00,60.73,51.97,60.65
2024-02-12 03:00:00,59.47,51.735,59.39
2024-02-12 04:00:00,59.21,52.94,59.21
2024-02-12 05:00:00,65.0,59.8375,65.0
2024-02-12 06:00:00,76.0,68.87,76.0
2024-02-12 07:00:00,85.41,86.35,85.41
2024-02-12 08:00:00,104.0,88.2525,104.0
2024-02-12 09:00:00,96.5,82.45,96.5
2024-02-12 10:00:00,85.47,77.7575,85.47
2024-02-12 11:00:00,79.09,63.62,79.14
2024-02-12 12:00:00,67.42,56.71333333333333,67.37
2024-02-12 13:00:00,63.86,57.2475,63.75
2024-02-12 14:00:00,64.13,61.36,63.95
2024-02-12 15:00:00,66.65,70.3775,66.4
2024-02-12 16:00:00,77.1,82.56,78.42
2024-02-12 17:00:00,90.69,91.0025,93.9
2024-02-12 18:00:00,96.0,104.24,96.0
2024-02-12 19:00:00,89.08,95.66,89.08
2024-02-12 20:00:00,79.15,84.9025,79.15
2024-02-12 21:00:00,71.54,73.7025,71.54
2024-02-12 22:00:00,65.87,67.345,65.65
2024-02-12 23:00:00,61.9,60.894999999999996,61.73
2024-02-13 00:00:00,68.59,65.46000000000001,66.31
2024-02-13 01:00:00,65.37,62.565,65.37
2024-02-13 02:00:00,63.41,62.425000000000004,63.41
2024-02-13 03:00:00,60.49,60.730000000000004,60.49
2024-02-13 04:00:00,60.06,60.86,60.06
2024-02-13 05:00:00,63.59,64.10249999999999,62.7
2024-02-13 06:00:00,70.7,74.13,66.15
2024-02-13 07:00:00,82.32,84.63,75.68
2024-02-13 08:00:00,89.1,90.2475,88.75
2024-02-13 09:00:00,75.12,81.7775,74.96
2024-02-13 10:00:00,69.21,75.76,69.21
2024-02-13 11:00:00,63.87,67.22749999999999,63.87
2024-02-13 12:00:00,60.53,61.09,60.53
2024-02-13 13:00:00,60.26,59.9275,60.26
2024-02-13 14:00:00,63.1,64.67,63.1
2024-02-13 15:00:00,70.7,71.0,70.7
2024-02-13 16:00:00,77.92,81.685,77.92
2024-02-13 17:00:00,91.79,91.88,94.93
2024-02-13 18:00:00,99.2,96.15,99.52
2024-02-13 19:00:00,91.13,90.485,90.99
2024-02-13 20:00:00,78.2,82.27000000000001,77.97
2024-02-13 21:00:00,72.18,76.12,71.86
2024-02-13 22:00:00,68.53,72.44,68.39
2024-02-13 23:00:00,64.78,66.4875,64.74
2024-02-14 00:00:00,60.63,63.08,60.63
2024-02-14 01:00:00,59.34,60.667500000000004,59.34
2024-02-14 02:00:00,55.76,58.9925,55.76
2024-02-14 03:00:00,54.79,57.902499999999996,54.79
2024-02-14 04:00:00,55.06,57.730000000000004,55.06
2024-02-14 05:00:00,58.5,58.7125,58.43
2024-02-14 06:00:00,63.52,65.98750000000001,63.23
2024-02-14 07:00:00,72.98,75.4525,72.74
2024-02-14 08:00:00,79.89,82.08500000000001,79.73
2024-02-14 09:00:00,69.65,77.2125,69.65
2024-02-14 10:00:00,63.86,72.3625,63.86
2024-02-14 11:00:00,63.29,69.56,63.29
2024-02-14 12:00:00,62.16,65.955,62.63
2024-02-14 13:00:00,61.91,65.1925,63.82
2024-02-14 14:00:00,67.29,68.165,69.03
2024-02-14 15:00:00,70.69,72.47749999999999,72.23
2024-02-14 16:00:00,75.99,75.585,78.54
2024-02-14 17:00:00,81.65,83.2025,82.97
2024-02-14 18:00:00,87.67,84.11,87.58
2024-02-14 19:00:00,84.58,83.0275,84.47
2024-02-14 20:00:00,76.6,76.87,76.48
2024-02-14 21:00:00,69.71,72.2325,69.68
2024-02-14 22:00:00,68.2,68.6125,68.2
2024-02-14 23:00:00,63.8,65.5,63.8
2024-02-15 00:00:00,61.67,61.4375,61.71
2024-02-15 01:00:00,60.55,59.61,61.13
2024-02-15 02:00:00,59.41,58.1,60.3
2024-02-15 03:00:00,58.33,58.045,59.75
2024-02-15 04:00:00,59.63,59.9525,61.94
2024-02-15 05:00:00,63.43,64.77,64.48
2024-02-15 06:00:00,70.14,72.6725,72.21
2024-02-15 07:00:00,79.8,82.88,81.57
2024-02-15 08:00:00,82.06,85.2475,82.67
2024-02-15 09:00:00,77.84,80.15,78.76
2024-02-15 10:00:00,73.51,76.6075,74.18
2024-02-15 11:00:00,68.51,72.0025,69.96
2024-02-15 12:00:00,64.8,68.8575,66.63
2024-02-15 13:00:00,63.85,67.9675,66.19
2024-02-15 14:00:00,66.84,70.0025,69.91
2024-02-15 15:00:00,71.27,75.21,75.05
2024-02-15 16:00:00,74.11,78.8,78.73
2024-02-15 17:00:00,82.44,87.5,84.89
2024-02-15 18:00:00,84.54,91.815,86.91
2024-02-15 19:00:00,75.13,84.09,75.61
2024-02-15 20:00:00,69.56,77.4375,69.56
2024-02-15 21:00:00,62.68,70.30499999999999,62.68
2024-02-15 22:00:00,62.66,67.7475,62.66
2024-02-15 23:00:00,58.64,63.302499999999995,58.91
2024-02-16 00:00:00,51.76,53.6175,51.76
2024-02-16 01:00:00,51.08,52.1875,51.08
2024-02-16 02:00:00,49.92,50.3625,49.92
2024-02-16 03:00:00,48.81,48.8175,48.81
2024-02-16 04:00:00,51.38,49.245000000000005,51.38
2024-02-16 05:00:00,52.2,54.207499999999996,53.53
2024-02-16 06:00:00,57.5,61.76,55.66
2024-02-16 07:00:00,68.88,70.60249999999999,61.39
2024-02-16 08:00:00,70.5,73.08,63.13
2024-02-16 09:00:00,68.0,66.86,61.13
2024-02-16 10:00:00,61.2,58.8625,54.37
2024-02-16 11:00:00,68.8,57.870000000000005,53.0
2024-02-16 12:00:00,65.0,55.0775,52.33
2024-02-16 13:00:00,61.2,52.6375,52.31
2024-02-16 14:00:00,63.04,54.8825,53.78
2024-02-16 15:00:00,64.96,59.397499999999994,58.98
2024-02-16 16:00:00,70.0,66.6525,58.18
2024-02-16 17:00:00,72.06,73.1125,59.09
2024-02-16 18:00:00,79.73,75.66,58.0
2024-02-16 19:00:00,80.75,73.045,56.58
2024-02-16 20:00:00,74.53,69.7775,54.7
2024-02-16 21:00:00,70.0,65.4175,54.49
2024-02-16 22:00:00,,62.9925,53.62
2024-02-16 23:00:00,65.7,57.8925,53.59
2024-02-17 00:00:00,68.5,62.205,51.41
2024-02-17 01:00:00,62.64,59.79,48.54
2024-02-17 02:00:00,68.0,57.82,50.3
2024-02-17 03:00:00,64.9,56.4475,51.36
2024-02-17 04:00:00,64.89,56.1275,52.88
2024-02-17 05:00:00,73.28,56.8,53.76
2024-02-17 06:00:00,60.6,59.2025,54.14
2024-02-17 07:00:00,68.7,64.5325,56.9
2024-02-17 08:00:00,75.3,67.06,64.27
2024-02-17 09:00:00,84.52,65.39,63.29
2024-02-17 10:00:00,67.0,62.0975,62.02
2024-02-17 11:00:00,60.83,58.95,60.69
2024-02-17 12:00:00,58.24,58.7525,58.26
2024-02-17 13:00:00,55.25,59.0575,55.25
2024-02-17 14:00:00,59.1,60.0,59.09
2024-02-17 15:00:00,67.07,65.595,67.07
2024-02-17 16:00:00,70.8,72.4275,73.22
2024-02-17 17:00:00,85.01,86.06,87.93
2024-02-17 18:00:00,105.68,94.3725,110.06
2024-02-17 19:00:00,89.51,88.0,90.28
2024-02-17 20:00:00,80.15,79.265,80.93
2024-02-17 21:00:00,74.16,73.5675,74.57
2024-02-17 22:00:00,72.06,70.4575,72.44
2024-02-17 23:00:00,69.11,66.455,69.11
2024-02-18 00:00:00,62.13,64.985,62.38
2024-02-18 01:00:00,54.81,61.1225,54.81
2024-02-18 02:00:00,51.4,58.6275,51.44
2024-02-18 03:00:00,50.22,50.8175,50.32
2024-02-18 04:00:00,50.0,50.8025,50.19
2024-02-18 05:00:00,48.47,49.5925,48.47
2024-02-18 06:00:00,46.02,50.325,46.02
2024-02-18 07:00:00,48.97,50.8875,48.97
2024-02-18 08:00:00,47.28,51.94,47.28
2024-02-18 09:00:00,43.03,53.07,43.03
2024-02-18 10:00:00,40.45,48.72,40.45
2024-02-18 11:00:00,41.0,42.3775,41.0
2024-02-18 12:00:00,50.0,40.2975,40.1
2024-02-18 13:00:00,50.17,40.2875,39.88
2024-02-18 14:00:00,64.6,46.1225,42.87
2024-02-18 15:00:00,66.93,51.434999999999995,54.29
2024-02-18 16:00:00,62.87,60.86,62.87
2024-02-18 17:00:00,72.0,68.8125,72.0
2024-02-18 18:00:00,84.1,73.50999999999999,73.66
2024-02-18 19:00:00,70.59,72.0175,70.59
2024-02-18 20:00:00,64.71,67.4875,64.71
2024-02-18 21:00:00,59.83,63.6725,59.83
2024-02-18 22:00:00,57.33,62.8725,57.33
2024-02-18 23:00:00,53.94,57.5275,53.94
2024-02-19 00:00:00,44.0,53.322500000000005,44.0
2024-02-19 01:00:00,48.32,50.5475,43.04
2024-02-19 02:00:00,46.46,45.1975,44.21
2024-02-19 03:00:00,43.91,45.1925,43.91
2024-02-19 04:00:00,44.92,47.7075,44.92
2024-02-19 05:00:00,51.57,55.510000000000005,51.57
2024-02-19 06:00:00,68.63,67.1925,68.6
2024-02-19 07:00:00,79.12,76.17750000000001,79.09
2024-02-19 08:00:00,83.87,79.95,83.84
2024-02-19 09:00:00,75.06,74.605,75.03
2024-02-19 10:00:00,70.88,67.15,70.83
2024-02-19 11:00:00,69.22,64.0775,69.13
2024-02-19 12:00:00,62.47,60.1675,62.47
2024-02-19 13:00:00,59.97,58.807500000000005,60.01
2024-02-19 14:00:00,64.18,59.375,64.38
2024-02-19 15:00:00,66.8,65.8125,66.6
2024-02-19 16:00:00,69.86,73.51,69.79
2024-02-19 17:00:00,76.15,81.2525,76.25
2024-02-19 18:00:00,99.89,80.9175,97.65
2024-02-19 19:00:00,80.02,74.325,79.98
2024-02-19 20:00:00,71.92,71.005,68.92
2024-02-19 21:00:00,67.49,71.4,56.15
2024-02-19 22:00:00,66.27,67.075,53.47
2024-02-19 23:00:00,59.07,64.75750000000001,53.77
2024-02-20 00:00:00,58.06,,58.06
2024-02-20 01:00:00,54.32,,54.15
2024-02-20 02:00:00,53.96,,53.79
2024-02-20 03:00:00,56.0,,53.37
2024-02-20 04:00:00,53.0,,51.72
2024-02-20 05:00:00,54.81,,52.35
2024-02-20 06:00:00,71.05,,66.59
2024-02-20 07:00:00,86.07,,86.07
2024-02-20 08:00:00,89.63,,89.63
2024-02-20 09:00:00,78.77,,78.55
2024-02-20 10:00:00,69.85,,69.84
2024-02-20 11:00:00,60.92,,60.88
2024-02-20 12:00:00,53.52,,53.52
2024-02-20 13:00:00,51.51,,51.42
2024-02-20 14:00:00,51.86,,51.79
2024-02-20 15:00:00,55.89,,54.81
2024-02-20 16:00:00,62.28,,57.6
2024-02-20 17:00:00,68.98,,68.77
2024-02-20 18:00:00,70.86,,67.49
2024-02-20 19:00:00,70.76,,55.65
2024-02-20 20:00:00,67.76,,52.57
2024-02-20 21:00:00,57.0,,51.54
2024-02-20 22:00:00,48.44,,49.06
2024-02-20 23:00:00,49.61,,49.61
2024-02-21 00:00:00,48.58,,48.58
2024-02-21 01:00:00,46.91,,46.91
2024-02-21 02:00:00,46.86,,46.84
2024-02-21 03:00:00,44.8,,44.77
2024-02-21 04:00:00,45.43,,44.66
2024-02-21 05:00:00,50.06,,46.05
2024-02-21 06:00:00,65.01,,49.32
2024-02-21 07:00:00,79.7,,53.39
2024-02-21 08:00:00,84.05,,55.3
2024-02-21 09:00:00,69.65,,59.51
2024-02-21 10:00:00,64.1,,57.22
2024-02-21 11:00:00,60.39,,57.28
2024-02-21 12:00:00,53.01,,53.01
2024-02-21 13:00:00,51.21,,51.21
2024-02-21 14:00:00,53.76,,53.76
2024-02-21 15:00:00,64.71,,51.31
2024-02-21 16:00:00,67.1,,54.93
2024-02-21 17:00:00,68.31,,57.41
2024-02-21 18:00:00,68.38,,64.62
2024-02-21 19:00:00,61.6,,53.96
2024-02-21 20:00:00,52.52,,50.86
2024-02-21 21:00:00,46.31,,45.98
2024-02-21 22:00:00,42.04,,41.71
2024-02-21 23:00:00,35.57,,35.22
2024-02-22 00:00:00,30.87,,30.47
2024-02-22 01:00:00,27.42,,27.42
2024-02-22 02:00:00,27.5,,27.07
2024-02-22 03:00:00,29.44,,27.95
2024-02-22 04:00:00,35.51,,37.0
2024-02-22 05:00:00,46.72,,47.91
2024-02-22 06:00:00,64.26,,63.07
2024-02-22 07:00:00,75.0,,75.0
2024-02-22 08:00:00,81.91,,81.91
2024-02-22 09:00:00,74.0,,74.0
2024-02-22 10:00:00,69.44,,69.44
2024-02-22 11:00:00,67.46,,67.25
2024-02-22 12:00:00,66.9,,59.57
2024-02-22 13:00:00,66.69,,57.47
2024-02-22 14:00:00,63.49,,56.4
2024-02-22 15:00:00,63.1,,63.1
2024-02-22 16:00:00,60.93,,60.93
2024-02-22 17:00:00,61.76,,61.76
2024-02-22 18:00:00,59.95,,59.91
2024-02-22 19:00:00,60.4,,52.42
2024-02-22 20:00:00,47.92,,42.45
2024-02-22 21:00:00,43.81,,24.48
2024-02-22 22:00:00,34.9,,12.06
2024-02-22 23:00:00,20.1,,1.95
2024-02-23 00:00:00,9.28,,9.23
2024-02-23 01:00:00,1.5,,1.5
2024-02-23 02:00:00,1.19,,1.19
2024-02-23 03:00:00,0.1,,0.1
2024-02-23 04:00:00,0.4,,0.4
2024-02-23 05:00:00,1.13,,1.13
2024-02-23 06:00:00,39.96,,39.68
2024-02-23 07:00:00,57.96,,57.06
2024-02-23 08:00:00,60.8,,51.96
2024-02-23 09:00:00,53.54,,50.5
2024-02-23 10:00:00,47.1,,46.64
2024-02-23 11:00:00,42.04,,41.65
2024-02-23 12:00:00,37.27,,37.1
2024-02-23 13:00:00,32.9,,33.6
2024-02-23 14:00:00,38.0,,39.08
2024-02-23 15:00:00,49.64,,48.57
2024-02-23 16:00:00,63.21,,49.99
2024-02-23 17:00:00,73.7,,53.28
2024-02-23 18:00:00,86.44,,57.02
2024-02-23 19:00:00,84.01,,55.21
2024-02-23 20:00:00,72.97,,54.81
2024-02-23 21:00:00,69.26,,53.16
2024-02-23 22:00:00,67.98,,54.05
2024-02-23 23:00:00,65.1,,57.24
2024-02-24 00:00:00,66.47,,66.47
2024-02-24 01:00:00,63.9,,63.9
2024-02-24 02:00:00,59.5,,59.5
2024-02-24 03:00:00,55.2,,55.2
2024-02-24 04:00:00,55.39,,55.39
2024-02-24 05:00:00,57.1,,57.1
2024-02-24 06:00:00,61.67,,61.67
2024-02-24 07:00:00,66.11,,66.11
2024-02-24 08:00:00,64.4,,64.4
2024-02-24 09:00:00,57.6,,57.6
2024-02-24 10:00:00,49.19,,49.16
2024-02-24 11:00:00,45.81,,45.84
2024-02-24 12:00:00,40.32,,40.32
2024-02-24 13:00:00,32.22,,32.22
2024-02-24 14:00:00,37.6,,37.6
2024-02-24 15:00:00,45.0,,45.0
2024-02-24 16:00:00,55.96,,55.95
2024-02-24 17:00:00,72.96,,71.67
2024-02-24 18:00:00,81.95,,80.0
2024-02-24 19:00:00,74.13,,74.13
2024-02-24 20:00:00,65.17,,65.17
2024-02-24 21:00:00,59.94,,59.94
2024-02-24 22:00:00,64.02,,56.0
2024-02-24 23:00:00,63.51,,52.2
2024-02-25 00:00:00,56.57,,56.57
2024-02-25 01:00:00,55.44,,55.44
2024-02-25 02:00:00,,,55.38
2024-02-25 03:00:00,54.95,,54.89
2024-02-25 04:00:00,55.25,,55.19
2024-02-25 05:00:00,55.07,,55.07
2024-02-25 06:00:00,58.6,,56.71
2024-02-25 07:00:00,59.92,,59.92
2024-02-25 08:00:00,75.0,,61.58
2024-02-25 09:00:00,71.5,,61.82
2024-02-25 10:00:00,56.68,,56.31
2024-02-25 11:00:00,54.64,,54.12
2024-02-25 12:00:00,50.0,,50.0
2024-02-25 13:00:00,46.03,,46.03
2024-02-25 14:00:00,49.84,,49.84
2024-02-25 15:00:00,55.0,,55.0
2024-02-25 16:00:00,68.9,,67.8
2024-02-25 17:00:00,85.69,,82.19
2024-02-25 18:00:00,93.88,,93.69
2024-02-25 19:00:00,79.0,,79.18
2024-02-25 20:00:00,69.96,,69.99
2024-02-25 21:00:00,65.82,,65.92
2024-02-25 22:00:00,65.23,,65.23
2024-02-25 23:00:00,58.38,,58.38
2024-02-26 00:00:00,57.83,,57.83
2024-02-26 01:00:00,56.82,,56.82
2024-02-26 02:00:00,55.67,,55.7
2024-02-26 03:00:00,51.8,,51.8
2024-02-26 04:00:00,53.24,,53.3
2024-02-26 05:00:00,57.92,,57.92
2024-02-26 06:00:00,68.44,,70.02
2024-02-26 07:00:00,79.54,,79.9
2024-02-26 08:00:00,81.6,,81.6
2024-02-26 09:00:00,73.83,,73.83
2024-02-26 10:00:00,66.65,,66.65
2024-02-26 11:00:00,65.03,,65.03
2024-02-26 12:00:00,58.42,,58.42
2024-02-26 13:00:00,58.19,,58.19
2024-02-26 14:00:00,61.29,,61.29
2024-02-26 15:00:00,64.95,,64.95
2024-02-26 16:00:00,69.92,,69.99
2024-02-26 17:00:00,77.0,,77.0
2024-02-26 18:00:00,85.32,,85.32
2024-02-26 19:00:00,81.0,,81.01
2024-02-26 20:00:00,72.21,,72.21
2024-02-26 21:00:00,65.69,,65.69
2024-02-26 22:00:00,65.21,,65.21
2024-02-26 23:00:00,60.76,,60.76
2024-02-27 00:00:00,57.62,,57.62
2024-02-27 01:00:00,57.55,,57.55
2024-02-27 02:00:00,57.35,,57.35
2024-02-27 03:00:00,56.87,,56.87
2024-02-27 04:00:00,57.35,,57.35
2024-02-27 05:00:00,62.75,,63.1
2024-02-27 06:00:00,73.32,,74.31
2024-02-27 07:00:00,92.87,,95.63
2024-02-27 08:00:00,95.22,,95.78
2024-02-27 09:00:00,80.81,,80.81
2024-02-27 10:00:00,68.71,,68.71
2024-02-27 11:00:00,61.0,,64.93
2024-02-27 12:00:00,55.49,,59.26
2024-02-27 13:00:00,55.58,,59.25
2024-02-27 14:00:00,56.0,,64.71
2024-02-27 15:00:00,59.9,,72.06
2024-02-27 16:00:00,66.5,,79.82
2024-02-27 17:00:00,93.95,,98.02
2024-02-27 18:00:00,110.18,,111.8
2024-02-27 19:00:00,105.17,,105.17
2024-02-27 20:00:00,84.36,,84.36
2024-02-27 21:00:00,72.5,,72.37
2024-02-27 22:00:00,70.3,,70.27
2024-02-27 23:00:00,64.97,,64.97
2024-02-28 00:00:00,60.36,,60.36
2024-02-28 01:00:00,59.4,,59.4
2024-02-28 02:00:00,61.34,,61.34
2024-02-28 03:00:00,63.46,,63.46
2024-02-28 04:00:00,63.74,,63.74
2024-02-28 05:00:00,67.46,,67.44
2024-02-28 06:00:00,74.08,,74.3
2024-02-28 07:00:00,97.07,,98.89
2024-02-28 08:00:00,104.49,,103.83
2024-02-28 09:00:00,85.46,,85.46
2024-02-28 10:00:00,73.99,,73.99
2024-02-28 11:00:00,67.55,,67.55
2024-02-28 12:00:00,63.1,,63.1
2024-02-28 13:00:00,57.9,,57.9
2024-02-28 14:00:00,58.5,,58.5
2024-02-28 15:00:00,60.0,,58.89
2024-02-28 16:00:00,72.46,,73.57
2024-02-28 17:00:00,70.0,,70.0
2024-02-28 18:00:00,89.8,,89.8
2024-02-28 19:00:00,78.18,,78.29
2024-02-28 20:00:00,65.55,,65.44
2024-02-28 21:00:00,62.69,,52.27
2024-02-28 22:00:00,64.08,,49.89
2024-02-28 23:00:00,55.2,,47.36
2024-02-29 00:00:00,54.82,,51.83
2024-02-29 01:00:00,53.02,,50.72
2024-02-29 02:00:00,49.71,,46.7
2024-02-29 03:00:00,46.62,,45.07
2024-02-29 04:00:00,43.75,,41.0
2024-02-29 05:00:00,48.0,,42.64
2024-02-29 06:00:00,61.37,,47.07
2024-02-29 07:00:00,73.35,,47.24
2024-02-29 08:00:00,73.85,,49.21
2024-02-29 09:00:00,70.39,,49.74
2024-02-29 10:00:00,65.65,,50.0
2024-02-29 11:00:00,66.46,,51.37
2024-02-29 12:00:00,60.0,,50.89
2024-02-29 13:00:00,57.77,,50.6
2024-02-29 14:00:00,63.68,,49.36
2024-02-29 15:00:00,65.2,,49.91
2024-02-29 16:00:00,71.62,,47.71
2024-02-29 17:00:00,80.0,,62.61
2024-02-29 18:00:00,86.26,,61.87
2024-02-29 19:00:00,80.99,,54.0
2024-02-29 20:00:00,72.77,,52.57
2024-02-29 21:00:00,67.25,,51.58
2024-02-29 22:00:00,64.9,,51.1
2024-02-29 23:00:00,60.9,,50.35
2024-03-01 00:00:00,62.04,,50.81
2024-03-01 01:00:00,61.42,,51.51
2024-03-01 02:00:00,58.14,,51.95
2024-03-01 03:00:00,57.83,,51.91
2024-03-01 04:00:00,58.3,,52.03
2024-03-01 05:00:00,62.49,,52.52
2024-03-01 06:00:00,71.58,,54.46
2024-03-01 07:00:00,79.36,,58.85
2024-03-01 08:00:00,86.02,,59.94
2024-03-01 09:00:00,78.04,,59.95
2024-03-01 10:00:00,66.51,,59.94
2024-03-01 11:00:00,64.53,,57.98
2024-03-01 12:00:00,47.55,,54.11
2024-03-01 13:00:00,50.0,,56.6
2024-03-01 14:00:00,63.2,,66.72
2024-03-01 15:00:00,71.17,,72.21
2024-03-01 16:00:00,78.28,,78.28
2024-03-01 17:00:00,89.4,,89.4
2024-03-01 18:00:00,93.73,,93.73
2024-03-01 19:00:00,87.19,,87.19
2024-03-01 20:00:00,77.49,,77.49
2024-03-01 21:00:00,71.62,,71.62
2024-03-01 22:00:00,70.06,,70.06
2024-03-01 23:00:00,66.39,,66.39
2024-03-02 00:00:00,59.95,,59.95
2024-03-02 01:00:00,56.03,,56.03
2024-03-02 02:00:00,56.02,,56.02
2024-03-02 03:00:00,55.48,,55.48
2024-03-02 04:00:00,54.88,,54.88
2024-03-02 05:00:00,55.99,,55.99
2024-03-02 06:00:00,56.58,,56.58
2024-03-02 07:00:00,60.67,,58.8
2024-03-02 08:00:00,63.76,,59.75
2024-03-02 09:00:00,65.75,,65.75
2024-03-02 10:00:00,60.44,,60.44
2024-03-02 11:00:00,53.8,,59.18
2024-03-02 12:00:00,53.07,,55.83
2024-03-02 13:00:00,54.9,,54.9
2024-03-02 14:00:00,59.86,,59.86
2024-03-02 15:00:00,66.08,,66.08
2024-03-02 16:00:00,73.0,,73.0
2024-03-02 17:00:00,81.17,,80.63
2024-03-02 18:00:00,93.6,,93.6
2024-03-02 19:00:00,89.9,,89.9
2024-03-02 20:00:00,76.98,,76.98
2024-03-02 21:00:00,69.81,,69.81
2024-03-02 22:00:00,69.9,,60.94
2024-03-02 23:00:00,68.2,,54.99
2024-03-03 00:00:00,60.1,,54.5
2024-03-03 01:00:00,69.21,,53.63
2024-03-03 02:00:00,67.03,,53.8
2024-03-03 03:00:00,57.91,,55.59
2024-03-03 04:00:00,55.48,,55.31
2024-03-03 05:00:00,58.88,,55.82
2024-03-03 06:00:00,65.39,,56.0
2024-03-03 07:00:00,69.8,,56.88
2024-03-03 08:00:00,71.51,,54.77
2024-03-03 09:00:00,72.49,,53.99
2024-03-03 10:00:00,63.14,,52.01
2024-03-03 11:00:00,50.0,,49.46
2024-03-03 12:00:00,47.51,,47.51
2024-03-03 13:00:00,42.51,,42.51
2024-03-03 14:00:00,46.84,,46.84
2024-03-03 15:00:00,58.07,,54.13
2024-03-03 16:00:00,60.28,,60.28
2024-03-03 17:00:00,77.72,,75.58
2024-03-03 18:00:00,88.0,,84.36
2024-03-03 19:00:00,86.96,,79.63
2024-03-03 20:00:00,81.8,,80.21
2024-03-03 21:00:00,75.0,,75.0
2024-03-03 22:00:00,72.18,,62.15
2024-03-03 23:00:00,72.42,,72.42
2024-03-04 00:00:00,69.13,,69.13
2024-03-04 01:00:00,67.9,,67.9
2024-03-04 02:00:00,67.41,,67.41
2024-03-04 03:00:00,66.22,,66.22
2024-03-04 04:00:00,65.59,,65.59
2024-03-04 05:00:00,70.83,,70.83
2024-03-04 06:00:00,81.18,,81.18
2024-03-04 07:00:00,96.67,,96.67
2024-03-04 08:00:00,102.97,,102.97
2024-03-04 09:00:00,85.02,,85.02
2024-03-04 10:00:00,71.23,,71.23
2024-03-04 11:00:00,63.2,,61.71
2024-03-04 12:00:00,63.3,,61.02
2024-03-04 13:00:00,61.04,,60.98
2024-03-04 14:00:00,62.5,,61.38
2024-03-04 15:00:00,69.86,,59.87
2024-03-04 16:00:00,76.7,,60.42
2024-03-04 17:00:00,93.47,,78.08
2024-03-04 18:00:00,105.18,,74.49
2024-03-04 19:00:00,99.13,,64.7
2024-03-04 20:00:00,80.52,,62.66
2024-03-04 21:00:00,71.39,,61.01
2024-03-04 22:00:00,67.49,,59.98
2024-03-04 23:00:00,63.93,,59.6
2024-03-05 00:00:00,61.96,,56.21
2024-03-05 01:00:00,61.67,,56.48
2024-03-05 02:00:00,61.33,,56.46
2024-03-05 03:00:00,59.86,,56.36
2024-03-05 04:00:00,60.56,,56.47
2024-03-05 05:00:00,61.67,,57.39
2024-03-05 06:00:00,71.53,,58.38
2024-03-05 07:00:00,79.28,,60.3
2024-03-05 08:00:00,83.02,,61.24
2024-03-05 09:00:00,77.0,,59.64
2024-03-05 10:00:00,71.15,,59.18
2024-03-05 11:00:00,69.72,,59.22
2024-03-05 12:00:00,65.99,,58.61
2024-03-05 13:00:00,65.81,,58.59
2024-03-05 14:00:00,69.6,,59.06
2024-03-05 15:00:00,70.62,,59.65
2024-03-05 16:00:00,76.3,,60.69
2024-03-05 17:00:00,81.86,,73.86
2024-03-05 18:00:00,104.38,,104.38
2024-03-05 19:00:00,96.6,,96.6
2024-03-05 20:00:00,78.42,,78.42
2024-03-05 21:00:00,73.07,,73.07
2024-03-05 22:00:00,66.0,,66.0
2024-03-05 23:00:00,70.0,,70.0
2024-03-06 00:00:00,71.0,,71.0
2024-03-06 01:00:00,70.7,,70.7
2024-03-06 02:00:00,70.46,,70.46
2024-03-06 03:00:00,69.74,,69.74
2024-03-06 04:00:00,70.46,,70.46
2024-03-06 05:00:00,73.91,,73.91
2024-03-06 06:00:00,83.98,,83.98
2024-03-06 07:00:00,106.64,,106.64
2024-03-06 08:00:00,108.7,,108.7
2024-03-06 09:00:00,87.21,,87.21
2024-03-06 10:00:00,75.69,,75.92
2024-03-06 11:00:00,71.83,,72.02
2024-03-06 12:00:00,69.34,,69.35
2024-03-06 13:00:00,69.29,,69.29
2024-03-06 14:00:00,70.64,,70.64
2024-03-06 15:00:00,72.28,,72.26
2024-03-06 16:00:00,79.8,,81.06
2024-03-06 17:00:00,96.11,,100.0
2024-03-06 18:00:00,119.02,,119.58
2024-03-06 19:00:00,119.25,,119.25
2024-03-06 20:00:00,93.4,,93.4
2024-03-06 21:00:00,80.15,,80.15
2024-03-06 22:00:00,77.98,,77.98
2024-03-06 23:00:00,74.34,,74.34
2024-03-07 00:00:00,73.33,,73.33
2024-03-07 01:00:00,72.32,,72.32
2024-03-07 02:00:00,70.34,,70.34
2024-03-07 03:00:00,68.71,,68.71
2024-03-07 04:00:00,69.89,,69.89
2024-03-07 05:00:00,73.13,,73.13
2024-03-07 06:00:00,84.27,,84.27
2024-03-07 07:00:00,103.2,,103.2
2024-03-07 08:00:00,96.7,,96.7
2024-03-07 09:00:00,79.09,,79.09
2024-03-07 10:00:00,71.31,,71.31
2024-03-07 11:00:00,66.16,,66.16
2024-03-07 12:00:00,60.62,,61.69
2024-03-07 13:00:00,60.16,,60.26
2024-03-07 14:00:00,63.3,,63.33
2024-03-07 15:00:00,66.1,,66.04
2024-03-07 16:00:00,70.66,,69.92
2024-03-07 17:00:00,90.11,,89.2
2024-03-07 18:00:00,107.41,,105.71
2024-03-07 19:00:00,90.43,,90.3
2024-03-07 20:00:00,83.39,,82.49
2024-03-07 21:00:00,73.16,,73.35
2024-03-07 22:00:00,73.25,,73.32
2024-03-07 23:00:00,67.61,,67.72
2024-03-08 00:00:00,68.37,,68.45
2024-03-08 01:00:00,66.96,,66.96
2024-03-08 02:00:00,67.01,,67.01
2024-03-08 03:00:00,65.99,,65.99
2024-03-08 04:00:00,65.98,,66.3
2024-03-08 05:00:00,66.93,,67.11
2024-03-08 06:00:00,81.5,,82.91
2024-03-08 07:00:00,94.99,,95.06
2024-03-08 08:00:00,88.89,,88.89
2024-03-08 09:00:00,74.36,,74.36
2024-03-08 10:00:00,54.9,,57.59
2024-03-08 11:00:00,0.0,,52.07
2024-03-08 12:00:00,-20.0,,52.6
2024-03-08 13:00:00,-25.0,,51.27
2024-03-08 14:00:00,-17.97,,49.8
2024-03-08 15:00:00,30.0,,40.25
2024-03-08 16:00:00,55.38,,55.74
2024-03-08 17:00:00,71.94,,71.98
2024-03-08 18:00:00,83.75,,83.76
2024-03-08 19:00:00,80.0,,79.98
2024-03-08 20:00:00,71.18,,71.18
2024-03-08 21:00:00,64.9,,64.9
2024-03-08 22:00:00,64.79,,64.79
2024-03-08 23:00:00,59.62,,59.89
2024-03-09 00:00:00,56.14,,56.56
2024-03-09 01:00:00,54.53,,54.91
2024-03-09 02:00:00,53.3,,53.72
2024-03-09 03:00:00,52.15,,52.56
2024-03-09 04:00:00,48.0,,48.6
2024-03-09 05:00:00,47.21,,47.79
2024-03-09 06:00:00,50.0,,50.47
2024-03-09 07:00:00,53.06,,53.06
2024-03-09 08:00:00,,,
2024-03-09 09:00:00,48.12,,48.12
2024-03-09 10:00:00,25.0,,32.94
2024-03-09 11:00:00,-29.5,,0.2
2024-03-09 12:00:00,-30.0,,-1.15
2024-03-09 13:00:00,-39.79,,-2.46
2024-03-09 14:00:00,-19.57,,-0.04
2024-03-09 15:00:00,28.32,,28.19
2024-03-09 16:00:00,52.64,,52.64
2024-03-09 17:00:00,69.55,,61.39
2024-03-09 18:00:00,78.08,,62.06
2024-03-09 19:00:00,68.69,,60.16
2024-03-09 20:00:00,63.82,,57.24
2024-03-09 21:00:00,60.47,,56.9
2024-03-09 22:00:00,59.17,,55.62
2024-03-09 23:00:00,54.37,,54.37
2024-03-10 00:00:00,48.65,,48.65
2024-03-10 01:00:00,46.06,,46.06
2024-03-10 02:00:00,40.98,,40.98
2024-03-10 03:00:00,35.55,,35.55
2024-03-10 04:00:00,32.39,,32.39
2024-03-10 05:00:00,32.28,,32.28
2024-03-10 06:00:00,33.91,,33.91
2024-03-10 07:00:00,39.49,,39.49
2024-03-10 08:00:00,34.82,,34.82
2024-03-10 09:00:00,27.55,,25.25
2024-03-10 10:00:00,0.04,,2.35
2024-03-10 11:00:00,-10.03,,-0.04
2024-03-10 12:00:00,-27.3,,0.0
2024-03-10 13:00:00,,,
2024-03-10 14:00:00,-10.01,,-0.02
2024-03-10 15:00:00,12.38,,14.41
2024-03-10 16:00:00,50.0,,47.96
2024-03-10 17:00:00,69.92,,55.97
2024-03-10 18:00:00,84.31,,57.64
2024-03-10 19:00:00,72.22,,56.62
2024-03-10 20:00:00,70.88,,53.66
2024-03-10 21:00:00,72.9,,53.4
2024-03-10 22:00:00,73.32,,53.08
2024-03-10 23:00:00,72.0,,52.05
2024-03-11 00:00:00,65.2,,48.93
2024-03-11 01:00:00,66.0,,49.33
2024-03-11 02:00:00,68.86,,50.21
2024-03-11 03:00:00,65.0,,49.28
2024-03-11 04:00:00,60.1,,49.99
2024-03-11 05:00:00,58.25,,54.95
2024-03-11 06:00:00,76.64,,56.44
2024-03-11 07:00:00,82.61,,62.27
2024-03-11 08:00:00,85.56,,64.79
2024-03-11 09:00:00,86.5,,62.85
2024-03-11 10:00:00,82.19,,61.9
2024-03-11 11:00:00,74.91,,60.44
2024-03-11 12:00:00,74.0,,58.85
2024-03-11 13:00:00,68.59,,58.92
2024-03-11 14:00:00,67.0,,58.72
2024-03-11 15:00:00,73.5,,59.95
2024-03-11 16:00:00,79.18,,61.61
2024-03-11 17:00:00,89.91,,65.32
2024-03-11 18:00:00,100.0,,75.19
2024-03-11 19:00:00,108.0,,72.1
2024-03-11 20:00:00,83.8,,69.2
2024-03-11 21:00:00,76.7,,67.55
2024-03-11 22:00:00,75.03,,64.69
2024-03-11 23:00:00,67.08,,65.77
2024-03-12 00:00:00,69.19,,69.19
2024-03-12 01:00:00,65.56,,65.56
2024-03-12 02:00:00,66.51,,66.51
2024-03-12 03:00:00,65.2,,65.2
2024-03-12 04:00:00,65.96,,65.96
2024-03-12 05:00:00,70.9,,71.37
2024-03-12 06:00:00,74.8,,87.06
2024-03-12 07:00:00,92.78,,96.55
2024-03-12 08:00:00,100.6,,100.78
2024-03-12 09:00:00,93.72,,93.81
2024-03-12 10:00:00,84.5,,85.42
2024-03-12 11:00:00,78.07,,80.68
2024-03-12 12:00:00,74.8,,78.44
2024-03-12 13:00:00,70.06,,78.26
2024-03-12 14:00:00,68.0,,79.02
2024-03-12 15:00:00,65.2,,86.34
2024-03-12 16:00:00,72.93,,101.61
2024-03-12 17:00:00,77.87,,113.06
2024-03-12 18:00:00,84.0,,134.92
2024-03-12 19:00:00,103.46,,124.57
2024-03-12 20:00:00,81.57,,97.48
2024-03-12 21:00:00,74.0,,83.63
2024-03-12 22:00:00,71.97,,78.93
2024-03-12 23:00:00,68.53,,70.33
2024-03-13 00:00:00,62.16,,63.93
2024-03-13 01:00:00,59.73,,62.3
2024-03-13 02:00:00,58.55,,61.79
2024-03-13 03:00:00,58.04,,60.89
2024-03-13 04:00:00,59.87,,59.87
2024-03-13 05:00:00,62.3,,62.3
2024-03-13 06:00:00,74.96,,77.32
2024-03-13 07:00:00,85.4,,76.47
2024-03-13 08:00:00,89.8,,89.8
2024-03-13 09:00:00,76.85,,76.85
2024-03-13 10:00:00,67.38,,67.38
2024-03-13 11:00:00,63.2,,62.8
2024-03-13 12:00:00,61.88,,61.69
2024-03-13 13:00:00,59.59,,59.41
2024-03-13 14:00:00,58.82,,58.64
2024-03-13 15:00:00,63.2,,57.3
2024-03-13 16:00:00,68.38,,60.8
2024-03-13 17:00:00,77.4,,66.12
2024-03-13 18:00:00,79.8,,72.21
2024-03-13 19:00:00,81.44,,65.19
2024-03-13 20:00:00,66.4,,51.55
2024-03-13 21:00:00,66.52,,54.56
2024-03-13 22:00:00,68.14,,53.77
2024-03-13 23:00:00,63.88,,51.78
2024-03-14 00:00:00,63.29,,51.82
2024-03-14 01:00:00,56.9,,50.45
2024-03-14 02:00:00,57.52,,49.63
2024-03-14 03:00:00,57.0,,49.13
2024-03-14 04:00:00,54.65,,50.71
2024-03-14 05:00:00,60.02,,51.53
2024-03-14 06:00:00,71.42,,56.5
2024-03-14 07:00:00,87.0,,57.92
2024-03-14 08:00:00,81.99,,59.65
2024-03-14 09:00:00,65.71,,57.89
2024-03-14 10:00:00,54.32,,52.42
2024-03-14 11:00:00,42.6,,49.84
2024-03-14 12:00:00,20.99,,49.71
2024-03-14 13:00:00,30.0,,46.96
2024-03-14 14:00:00,46.59,,47.73
2024-03-14 15:00:00,54.82,,53.68
2024-03-14 16:00:00,65.99,,55.84
2024-03-14 17:00:00,85.64,,67.81
2024-03-14 18:00:00,102.35,,67.08
2024-03-14 19:00:00,89.92,,58.25
2024-03-14 20:00:00,73.62,,55.99
2024-03-14 21:00:00,62.96,,55.14
2024-03-14 22:00:00,59.53,,54.45
2024-03-14 23:00:00,50.91,,51.66
2024-03-15 00:00:00,47.89,,47.89
2024-03-15 01:00:00,45.47,,46.58
2024-03-15 02:00:00,44.47,,45.57
2024-03-15 03:00:00,42.33,,43.95
2024-03-15 04:00:00,42.22,,44.19
2024-03-15 05:00:00,41.52,,43.36
2024-03-15 06:00:00,58.49,,48.3
2024-03-15 07:00:00,66.47,,57.75
2024-03-15 08:00:00,67.42,,63.93
2024-03-15 09:00:00,53.8,,53.8
2024-03-15 10:00:00,46.1,,46.56
2024-03-15 11:00:00,38.9,,39.27
2024-03-15 12:00:00,37.12,,38.34
2024-03-15 13:00:00,35.14,,36.87
2024-03-15 14:00:00,41.42,,44.93
2024-03-15 15:00:00,45.35,,50.31
2024-03-15 16:00:00,60.4,,54.53
2024-03-15 17:00:00,70.67,,60.48
2024-03-15 18:00:00,73.11,,58.51
2024-03-15 19:00:00,87.99,,57.2
2024-03-15 20:00:00,63.81,,55.82
2024-03-15 21:00:00,55.01,,51.71
2024-03-15 22:00:00,55.99,,50.16
2024-03-15 23:00:00,49.35,,49.33
2024-03-16 00:00:00,43.66,,44.12
2024-03-16 01:00:00,42.04,,42.01
2024-03-16 02:00:00,40.71,,40.69
2024-03-16 03:00:00,38.9,,38.88
2024-03-16 04:00:00,38.63,,38.67
2024-03-16 05:00:00,40.0,,40.34
2024-03-16 06:00:00,47.6,,47.26
2024-03-16 07:00:00,60.22,,49.38
2024-03-16 08:00:00,55.3,,47.25
2024-03-16 09:00:00,47.01,,46.76
2024-03-16 10:00:00,44.88,,44.88
2024-03-16 11:00:00,41.63,,41.62
2024-03-16 12:00:00,36.78,,36.7
2024-03-16 13:00:00,21.02,,21.02
2024-03-16 14:00:00,12.26,,10.99
2024-03-16 15:00:00,31.38,,31.01
2024-03-16 16:00:00,54.1,,46.98
2024-03-16 17:00:00,80.9,,49.81
2024-03-16 18:00:00,97.0,,53.56
2024-03-16 19:00:00,109.1,,52.21
2024-03-16 20:00:00,94.0,,
2024-03-16 21:00:00,74.68,,53.74
2024-03-16 22:00:00,74.8,,52.29
2024-03-16 23:00:00,67.1,,56.62
2024-03-17 00:00:00,64.99,,64.99
2024-03-17 01:00:00,60.9,,60.49
2024-03-17 02:00:00,55.83,,55.83
2024-03-17 03:00:00,57.47,,57.47
2024-03-17 04:00:00,58.16,,58.16
2024-03-17 05:00:00,59.9,,59.9
2024-03-17 06:00:00,60.1,,60.1
2024-03-17 07:00:00,56.6,,56.6
2024-03-17 08:00:00,50.0,,50.58
2024-03-17 09:00:00,47.72,,47.15
2024-03-17 10:00:00,46.61,,45.4
2024-03-17 11:00:00,46.83,,45.91
2024-03-17 12:00:00,42.15,,41.81
2024-03-17 13:00:00,41.0,,40.15
2024-03-17 14:00:00,49.89,,48.06
2024-03-17 15:00:00,58.2,,56.12
2024-03-17 16:00:00,65.98,,71.76
2024-03-17 17:00:00,82.8,,82.86
2024-03-17 18:00:00,87.2,,94.11
2024-03-17 19:00:00,86.94,,88.29
2024-03-17 20:00:00,77.89,,62.84
2024-03-17 21:00:00,72.33,,59.45
2024-03-17 22:00:00,72.1,,57.05
2024-03-17 23:00:00,65.91,,55.95
2024-03-18 00:00:00,64.12,,56.18
2024-03-18 01:00:00,57.14,,55.96
2024-03-18 02:00:00,58.31,,55.82
2024-03-18 03:00:00,57.46,,55.68
2024-03-18 04:00:00,60.77,,55.86
2024-03-18 05:00:00,63.68,,57.26
2024-03-18 06:00:00,79.28,,59.38
2024-03-18 07:00:00,97.65,,68.96
2024-03-18 08:00:00,94.45,,94.16
2024-03-18 09:00:00,82.8,,80.81
2024-03-18 10:00:00,72.83,,72.02
2024-03-18 11:00:00,66.64,,65.04
2024-03-18 12:00:00,66.5,,62.95
2024-03-18 13:00:00,63.67,,60.73
2024-03-18 14:00:00,60.2,,57.75
2024-03-18 15:00:00,65.0,,65.0
2024-03-18 16:00:00,70.4,,68.38
2024-03-18 17:00:00,92.33,,69.09
2024-03-18 18:00:00,129.2,,74.46
2024-03-18 19:00:00,126.23,,95.16
2024-03-18 20:00:00,103.04,,97.88
2024-03-18 21:00:00,79.74,,79.74
2024-03-18 22:00:00,77.6,,71.2
2024-03-18 23:00:00,73.52,,56.99
2024-03-19 00:00:00,71.48,,56.71
2024-03-19 01:00:00,69.9,,55.67
2024-03-19 02:00:00,68.75,,56.66
2024-03-19 03:00:00,67.46,,51.53
2024-03-19 04:00:00,66.7,,53.4
2024-03-19 05:00:00,67.55,,56.59
2024-03-19 06:00:00,84.8,,60.85
2024-03-19 07:00:00,108.53,,91.04
2024-03-19 08:00:00,95.87,,95.87
2024-03-19 09:00:00,72.06,,72.02
2024-03-19 10:00:00,64.1,,64.15
2024-03-19 11:00:00,56.85,,57.41
2024-03-19 12:00:00,52.73,,54.47
2024-03-19 13:00:00,51.66,,54.96
2024-03-19 14:00:00,53.54,,56.24
2024-03-19 15:00:00,62.3,,62.3
2024-03-19 16:00:00,64.85,,65.26
2024-03-19 17:00:00,90.7,,90.7
2024-03-19 18:00:00,108.75,,112.45
2024-03-19 19:00:00,128.96,,125.26
2024-03-19 20:00:00,110.0,,107.36
2024-03-19 21:00:00,89.04,,86.88
2024-03-19 22:00:00,81.73,,81.5
2024-03-19 23:00:00,76.1,,76.1
2024-03-20 00:00:00,76.01,,76.01
2024-03-20 01:00:00,72.45,,73.4
2024-03-20 02:00:00,71.95,,74.9
2024-03-20 03:00:00,70.3,,75.7
2024-03-20 04:00:00,71.52,,76.36
2024-03-20 05:00:00,77.1,,80.9
2024-03-20 06:00:00,107.1,,116.0
2024-03-20 07:00:00,112.69,,116.24
2024-03-20 08:00:00,99.33,,98.33
2024-03-20 09:00:00,71.41,,70.63
2024-03-20 10:00:00,66.0,,66.0
2024-03-20 11:00:00,64.11,,65.39
2024-03-20 12:00:00,,,61.43
2024-03-20 13:00:00,67.77,,63.95
2024-03-20 14:00:00,65.0,,64.35
2024-03-20 15:00:00,71.9,,70.78
2024-03-20 16:00:00,85.0,,87.07
2024-03-20 17:00:00,116.0,,119.68
2024-03-20 18:00:00,163.72,,168.54
2024-03-20 19:00:00,154.93,,159.05
2024-03-20 20:00:00,122.63,,124.95
2024-03-20 21:00:00,104.88,,106.52
2024-03-20 22:00:00,93.0,,96.07
2024-03-20 23:00:00,79.98,,79.98
2024-03-21 00:00:00,74.55,,76.18
2024-03-21 01:00:00,73.7,,73.37
2024-03-21 02:00:00,70.0,,71.55
2024-03-21 03:00:00,66.57,,69.82
2024-03-21 04:00:00,62.53,,69.3
2024-03-21 05:00:00,64.68,,71.74
2024-03-21 06:00:00,81.0,,81.0
2024-03-21 07:00:00,95.9,,98.21
2024-03-21 08:00:00,104.6,,102.29
2024-03-21 09:00:00,81.19,,80.0
2024-03-21 10:00:00,74.7,,72.41
2024-03-21 11:00:00,68.03,,68.03
2024-03-21 12:00:00,65.85,,64.64
2024-03-21 13:00:00,58.74,,59.96
2024-03-21 14:00:00,64.4,,65.24
2024-03-21 15:00:00,59.08,,64.69
2024-03-21 16:00:00,68.91,,75.27
2024-03-21 17:00:00,91.97,,100.9
2024-03-21 18:00:00,121.01,,127.13
2024-03-21 19:00:00,120.69,,120.69
2024-03-21 20:00:00,93.08,,93.08
2024-03-21 21:00:00,76.27,,76.27
2024-03-21 22:00:00,72.45,,67.3
2024-03-21 23:00:00,64.91,,56.92
2024-03-22 00:00:00,52.39,,19.92
2024-03-22 01:00:00,48.96,,34.26
2024-03-22 02:00:00,46.3,,32.24
2024-03-22 03:00:00,46.06,,28.92
2024-03-22 04:00:00,45.4,,31.92
2024-03-22 05:00:00,51.25,,39.55
2024-03-22 06:00:00,63.6,,42.38
2024-03-22 07:00:00,64.27,,64.02
2024-03-22 08:00:00,66.65,,64.57
2024-03-22 09:00:00,57.48,,56.32
2024-03-22 10:00:00,63.9,,51.81
2024-03-22 11:00:00,55.0,,49.85
2024-03-22 12:00:00,52.0,,49.76
2024-03-22 13:00:00,58.68,,50.26
2024-03-22 14:00:00,59.17,,48.75
2024-03-22 15:00:00,66.0,,49.81
2024-03-22 16:00:00,75.04,,53.42
2024-03-22 17:00:00,87.38,,63.94
2024-03-22 18:00:00,111.9,,60.63
2024-03-22 19:00:00,112.18,,62.17
2024-03-22 20:00:00,94.81,,61.09
2024-03-22 21:00:00,74.64,,60.5
2024-03-22 22:00:00,73.2,,60.12
2024-03-22 23:00:00,69.84,,54.51
2024-03-23 00:00:00,70.88,,36.79
2024-03-23 01:00:00,66.14,,49.68
2024-03-23 02:00:00,56.46,,51.01
2024-03-23 03:00:00,49.99,,49.99
2024-03-23 04:00:00,52.11,,50.44
2024-03-23 05:00:00,51.94,,48.82
2024-03-23 06:00:00,47.87,,47.87
2024-03-23 07:00:00,43.48,,43.48
2024-03-23 08:00:00,34.59,,37.72
2024-03-23 09:00:00,11.19,,13.2
2024-03-23 10:00:00,0.0,,0.02
2024-03-23 11:00:00,-0.1,,-0.05
2024-03-23 12:00:00,-5.01,,-1.94
2024-03-23 13:00:00,-10.0,,-2.74
2024-03-23 14:00:00,-9.44,,-2.71
2024-03-23 15:00:00,-2.98,,-1.46
2024-03-23 16:00:00,-2.36,,0.07
2024-03-23 17:00:00,37.68,,47.8
2024-03-23 18:00:00,62.02,,55.37
2024-03-23 19:00:00,67.2,,58.64
2024-03-23 20:00:00,52.94,,52.94
2024-03-23 21:00:00,45.84,,45.84
2024-03-23 22:00:00,38.52,,40.28
2024-03-23 23:00:00,27.5,,28.39
2024-03-24 00:00:00,27.17,,32.1
2024-03-24 01:00:00,11.67,,13.28
2024-03-24 02:00:00,8.3,,10.13
2024-03-24 03:00:00,13.47,,17.0
2024-03-24 04:00:00,14.91,,19.92
2024-03-24 05:00:00,17.18,,26.82
2024-03-24 06:00:00,11.41,,24.9
2024-03-24 07:00:00,1.19,,36.15
2024-03-24 08:00:00,0.0,,40.71
2024-03-24 09:00:00,,,43.78
2024-03-24 10:00:00,,,42.07
2024-03-24 11:00:00,,,48.23
2024-03-24 12:00:00,,,49.63
2024-03-24 13:00:00,,,48.31
2024-03-24 14:00:00,,,49.04
2024-03-24 15:00:00,,,51.23
2024-03-24 16:00:00,11.6,,52.72
2024-03-24 17:00:00,50.0,,59.4
2024-03-24 18:00:00,71.57,,75.0
2024-03-24 19:00:00,76.34,,74.9
2024-03-24 20:00:00,67.11,,66.9
2024-03-24 21:00:00,64.97,,64.77
2024-03-24 22:00:00,64.47,,64.27
2024-03-24 23:00:00,64.0,,62.97
2024-03-25 00:00:00,62.9,,62.51
2024-03-25 01:00:00,65.1,,62.29
2024-03-25 02:00:00,70.0,,62.48
2024-03-25 03:00:00,73.1,,64.51
2024-03-25 04:00:00,67.03,,66.96
2024-03-25 05:00:00,77.14,,77.14
2024-03-25 06:00:00,87.77,,88.43
2024-03-25 07:00:00,113.87,,113.87
2024-03-25 08:00:00,99.68,,99.68
2024-03-25 09:00:00,74.15,,77.43
2024-03-25 10:00:00,66.96,,70.05
2024-03-25 11:00:00,60.95,,63.66
2024-03-25 12:00:00,59.11,,61.85
2024-03-25 13:00:00,59.3,,63.22
2024-03-25 14:00:00,61.04,,64.52
2024-03-25 15:00:00,68.84,,73.97
2024-03-25 16:00:00,74.5,,81.05
2024-03-25 17:00:00,98.7,,111.88
2024-03-25 18:00:00,155.0,,174.7
2024-03-25 19:00:00,138.0,,149.75
2024-03-25 20:00:00,86.9,,102.73
2024-03-25 21:00:00,70.38,,82.39
2024-03-25 22:00:00,70.4,,79.56
2024-03-25 23:00:00,68.77,,74.74
2024-03-26 00:00:00,73.0,,79.9
2024-03-26 01:00:00,65.8,,73.3
2024-03-26 02:00:00,64.3,,68.91
2024-03-26 03:00:00,66.0,,67.98
2024-03-26 04:00:00,64.04,,70.07
2024-03-26 05:00:00,67.27,,72.28
2024-03-26 06:00:00,75.33,,80.38
2024-03-26 07:00:00,79.2,,79.2
2024-03-26 08:00:00,72.1,,72.1
2024-03-26 09:00:00,62.0,,62.0
2024-03-26 10:00:00,49.5,,49.5
2024-03-26 11:00:00,37.03,,49.35
2024-03-26 12:00:00,13.48,,48.47
2024-03-26 13:00:00,27.62,,45.94
2024-03-26 14:00:00,37.1,,37.1
2024-03-26 15:00:00,51.93,,51.93
2024-03-26 16:00:00,74.05,,66.9
2024-03-26 17:00:00,106.7,,66.59
2024-03-26 18:00:00,116.0,,63.43
2024-03-26 19:00:00,100.3,,61.64
2024-03-26 20:00:00,80.0,,58.36
2024-03-26 21:00:00,82.2,,58.01
2024-03-26 22:00:00,74.4,,56.65
2024-03-26 23:00:00,66.92,,55.17
2024-03-27 00:00:00,58.35,,56.09
2024-03-27 01:00:00,57.09,,56.91
2024-03-27 02:00:00,57.28,,57.1
2024-03-27 03:00:00,55.59,,53.86
2024-03-27 04:00:00,56.87,,52.95
2024-03-27 05:00:00,64.52,,54.14
2024-03-27 06:00:00,78.78,,56.89
2024-03-27 07:00:00,82.77,,62.37
2024-03-27 08:00:00,79.83,,61.5
2024-03-27 09:00:00,68.33,,61.26
2024-03-27 10:00:00,63.94,,62.86
2024-03-27 11:00:00,58.14,,57.13
2024-03-27 12:00:00,57.66,,57.66
2024-03-27 13:00:00,59.54,,59.54
2024-03-27 14:00:00,61.45,,61.45
2024-03-27 15:00:00,73.9,,62.2
2024-03-27 16:00:00,76.0,,76.0
2024-03-27 17:00:00,94.44,,94.44
2024-03-27 18:00:00,120.42,,120.42
2024-03-27 19:00:00,116.88,,116.88
2024-03-27 20:00:00,97.23,,97.6
2024-03-27 21:00:00,79.35,,84.25
2024-03-27 22:00:00,79.47,,83.02
2024-03-27 23:00:00,74.0,,74.47
2024-03-28 00:00:00,74.51,,79.09
2024-03-28 01:00:00,62.19,,72.6
2024-03-28 02:00:00,57.27,,65.24
2024-03-28 03:00:00,55.79,,58.1
2024-03-28 04:00:00,55.5,,57.4
2024-03-28 05:00:00,57.52,,57.52
2024-03-28 06:00:00,68.99,,60.01
2024-03-28 07:00:00,76.05,,76.05
2024-03-28 08:00:00,73.03,,80.92
2024-03-28 09:00:00,58.09,,63.24
2024-03-28 10:00:00,40.1,,47.07
2024-03-28 11:00:00,31.36,,37.82
2024-03-28 12:00:00,6.73,,32.91
2024-03-28 13:00:00,0.05,,30.29
2024-03-28 14:00:00,0.0,,29.47
2024-03-28 15:00:00,8.66,,24.67
2024-03-28 16:00:00,27.18,,33.17
2024-03-28 17:00:00,43.09,,52.72
2024-03-28 18:00:00,63.68,,63.68
2024-03-28 19:00:00,68.09,,62.17
2024-03-28 20:00:00,56.81,,54.84
2024-03-28 21:00:00,44.89,,51.83
2024-03-28 22:00:00,32.76,,33.05
2024-03-28 23:00:00,25.0,,25.0
2024-03-29 00:00:00,20.6,,20.6
2024-03-29 01:00:00,18.83,,18.83
2024-03-29 02:00:00,12.43,,12.43
2024-03-29 03:00:00,10.24,,10.24
2024-03-29 04:00:00,12.59,,12.59
2024-03-29 05:00:00,14.32,,14.32
2024-03-29 06:00:00,22.02,,22.02
2024-03-29 07:00:00,54.9,,22.39
2024-03-29 08:00:00,79.3,,15.94
2024-03-29 09:00:00,63.6,,13.28
2024-03-29 10:00:00,29.9,,16.88
2024-03-29 11:00:00,18.81,,18.83
2024-03-29 12:00:00,12.99,,13.0
2024-03-29 13:00:00,9.86,,9.86
2024-03-29 14:00:00,13.44,,13.44
2024-03-29 15:00:00,21.14,,21.58
2024-03-29 16:00:00,43.87,,49.5
2024-03-29 17:00:00,75.44,,79.93
2024-03-29 18:00:00,101.62,,101.97
2024-03-29 19:00:00,108.0,,105.45
2024-03-29 20:00:00,87.4,,87.4
2024-03-29 21:00:00,79.9,,79.93
2024-03-29 22:00:00,75.89,,75.89
2024-03-29 23:00:00,70.0,,70.0
2024-03-30 00:00:00,69.3,,69.3
2024-03-30 01:00:00,58.16,,58.16
2024-03-30 02:00:00,68.11,,58.88
2024-03-30 03:00:00,65.8,,58.95
2024-03-30 04:00:00,84.0,,59.23
2024-03-30 05:00:00,65.05,,65.05
2024-03-30 06:00:00,69.89,,58.57
2024-03-30 07:00:00,72.62,,47.79
2024-03-30 08:00:00,50.0,,45.23
2024-03-30 09:00:00,54.39,,46.18
2024-03-30 10:00:00,36.15,,36.07
2024-03-30 11:00:00,25.0,,25.08
2024-03-30 12:00:00,25.74,,25.74
2024-03-30 13:00:00,13.15,,13.15
2024-03-30 14:00:00,15.87,,15.87
2024-03-30 15:00:00,37.05,,34.2
2024-03-30 16:00:00,52.52,,52.52
2024-03-30 17:00:00,79.2,,77.75
2024-03-30 18:00:00,101.3,,88.11
2024-03-30 19:00:00,130.0,,59.31
2024-03-30 20:00:00,111.6,,59.22
2024-03-30 21:00:00,80.8,,59.03
2024-03-30 22:00:00,70.83,,70.83
2024-03-30 23:00:00,65.74,,65.74
2024-03-31 00:00:00,81.81,,75.7
2024-03-31 01:00:00,74.57,,66.71
2024-03-31 02:00:00,,,
2024-03-31 03:00:00,64.98,,64.98
2024-03-31 04:00:00,65.68,,60.48
2024-03-31 05:00:00,61.74,,58.74
2024-03-31 06:00:00,68.75,,64.46
2024-03-31 07:00:00,74.02,,71.51
2024-03-31 08:00:00,70.74,,65.03
2024-03-31 09:00:00,50.39,,50.32
2024-03-31 10:00:00,40.0,,41.03
2024-03-31 11:00:00,27.84,,35.37
2024-03-31 12:00:00,18.68,,35.46
2024-03-31 13:00:00,2.81,,33.1
2024-03-31 14:00:00,0.97,,30.68
2024-03-31 15:00:00,14.83,,32.6
2024-03-31 16:00:00,41.07,,41.07
2024-03-31 17:00:00,66.74,,66.74
2024-03-31 18:00:00,86.8,,89.32
2024-03-31 19:00:00,118.04,,117.29
2024-03-31 20:00:00,83.72,,83.72
2024-03-31 21:00:00,65.2,,70.0
2024-03-31 22:00:00,60.55,,64.51
2024-03-31 23:00:00,54.9,,54.9
2024-04-01 00:00:00,51.03,,49.95
2024-04-01 01:00:00,48.98,,48.98
2024-04-01 02:00:00,45.1,,46.06
2024-04-01 03:00:00,43.54,,43.58
2024-04-01 04:00:00,46.56,,49.4
2024-04-01 05:00:00,52.35,,52.35
2024-04-01 06:00:00,55.26,,58.71
2024-04-01 07:00:00,59.51,,64.49
2024-04-01 08:00:00,58.71,,58.71
2024-04-01 09:00:00,60.89,,60.89
2024-04-01 10:00:00,52.96,,54.36
2024-04-01 11:00:00,48.23,,44.78
2024-04-01 12:00:00,48.75,,48.75
2024-04-01 13:00:00,0.03,,35.19
2024-04-01 14:00:00,-0.01,,34.02
2024-04-01 15:00:00,,,43.68
2024-04-01 16:00:00,,,44.4
2024-04-01 17:00:00,5.79,,40.77
2024-04-01 18:00:00,53.0,,48.86
2024-04-01 19:00:00,90.0,,50.08
2024-04-01 20:00:00,79.89,,51.12
2024-04-01 21:00:00,55.96,,48.99
2024-04-01 22:00:00,41.0,,41.0
2024-04-01 23:00:00,29.63,,29.63
2024-04-02 00:00:00,46.13,,43.36
2024-04-02 01:00:00,36.33,,36.33
2024-04-02 02:00:00,16.46,,16.46
2024-04-02 03:00:00,7.54,,7.54
2024-04-02 04:00:00,1.94,,1.94
2024-04-02 05:00:00,7.27,,7.27
2024-04-02 06:00:00,51.32,,57.22
2024-04-02 07:00:00,70.98,,74.36
2024-04-02 08:00:00,68.93,,68.93
2024-04-02 09:00:00,55.17,,46.98
2024-04-02 10:00:00,30.1,,38.29
2024-04-02 11:00:00,24.91,,39.3
2024-04-02 12:00:00,5.0,,40.07
2024-04-02 13:00:00,2.5,,43.63
2024-04-02 14:00:00,0.17,,33.38
2024-04-02 15:00:00,0.0,,25.1
2024-04-02 16:00:00,4.31,,8.83
2024-04-02 17:00:00,41.46,,41.46
2024-04-02 18:00:00,72.7,,72.7
2024-04-02 19:00:00,104.0,,95.39
2024-04-02 20:00:00,110.0,,94.88
2024-04-02 21:00:00,99.0,,78.13
2024-04-02 22:00:00,76.26,,74.86
2024-04-02 23:00:00,72.43,,70.88
2024-04-03 00:00:00,72.74,,74.13
2024-04-03 01:00:00,66.31,,71.75
2024-04-03 02:00:00,62.64,,70.05
2024-04-03 03:00:00,64.66,,64.66
2024-04-03 04:00:00,64.89,,64.89
2024-04-03 05:00:00,68.73,,68.73
2024-04-03 06:00:00,82.94,,94.91
2024-04-03 07:00:00,106.52,,117.93
2024-04-03 08:00:00,117.93,,
2024-04-03 09:00:00,102.44,,100.98
2024-04-03 10:00:00,107.35,,107.35
2024-04-03 11:00:00,90.92,,90.81
2024-04-03 12:00:00,78.72,,82.03
2024-04-03 13:00:00,65.8,,76.88
2024-04-03 14:00:00,58.9,,73.04
2024-04-03 15:00:00,58.09,,58.77
2024-04-03 16:00:00,60.97,,60.97
2024-04-03 17:00:00,70.31,,70.31
2024-04-03 18:00:00,85.0,,85.0
2024-04-03 19:00:00,91.69,,106.59
2024-04-03 20:00:00,92.65,,99.14
2024-04-03 21:00:00,70.71,,74.71
2024-04-03 22:00:00,65.49,,61.49
2024-04-03 23:00:00,55.33,,55.33
2024-04-04 00:00:00,42.63,,54.52
2024-04-04 01:00:00,40.28,,52.01
2024-04-04 02:00:00,39.08,,50.17
2024-04-04 03:00:00,39.67,,51.57
2024-04-04 04:00:00,40.03,,51.94
2024-04-04 05:00:00,43.07,,54.08
2024-04-04 06:00:00,53.49,,60.9
2024-04-04 07:00:00,65.47,,65.47
2024-04-04 08:00:00,75.33,,75.33
2024-04-04 09:00:00,71.79,,71.79
2024-04-04 10:00:00,69.17,,69.17
2024-04-04 11:00:00,63.06,,63.06
2024-04-04 12:00:00,51.77,,58.08
2024-04-04 13:00:00,45.88,,56.22
2024-04-04 14:00:00,45.15,,55.49
2024-04-04 15:00:00,44.17,,56.17
2024-04-04 16:00:00,44.9,,57.08
2024-04-04 17:00:00,56.75,,69.08
2024-04-04 18:00:00,65.1,,75.36
2024-04-04 19:00:00,103.7,,90.48
2024-04-04 20:00:00,99.5,,69.8
2024-04-04 21:00:00,75.7,,61.73
2024-04-04 22:00:00,67.0,,58.92
2024-04-04 23:00:00,57.85,,57.67
2024-04-05 00:00:00,58.12,,52.85
2024-04-05 01:00:00,54.46,,51.2
2024-04-05 02:00:00,50.04,,49.95
2024-04-05 03:00:00,47.98,,47.91
2024-04-05 04:00:00,47.37,,47.37
2024-04-05 05:00:00,52.0,,47.29
2024-04-05 06:00:00,62.53,,60.16
2024-04-05 07:00:00,76.79,,76.79
2024-04-05 08:00:00,80.0,,80.0
2024-04-05 09:00:00,67.59,,67.59
2024-04-05 10:00:00,50.0,,50.5
2024-04-05 11:00:00,23.7,,45.54
2024-04-05 12:00:00,8.48,,44.43
2024-04-05 13:00:00,0.0,,40.03
2024-04-05 14:00:00,-0.2,,37.07
2024-04-05 15:00:00,-10.07,,23.69
2024-04-05 16:00:00,-15.0,,8.09
2024-04-05 17:00:00,6.0,,37.46
2024-04-05 18:00:00,44.66,,49.65
2024-04-05 19:00:00,58.4,,53.4
2024-04-05 20:00:00,64.89,,53.92
2024-04-05 21:00:00,62.94,,53.4
2024-04-05 22:00:00,58.99,,52.73
2024-04-05 23:00:00,50.2,,49.62
2024-04-06 00:00:00,42.31,,42.31
2024-04-06 01:00:00,43.78,,43.78
2024-04-06 02:00:00,44.0,,44.0
2024-04-06 03:00:00,44.87,,44.87
2024-04-06 04:00:00,48.09,,47.51
2024-04-06 05:00:00,48.25,,48.25
2024-04-06 06:00:00,50.01,,49.94
2024-04-06 07:00:00,51.19,,51.26
2024-04-06 08:00:00,48.0,,50.23
2024-04-06 09:00:00,27.16,,48.25
2024-04-06 10:00:00,-14.86,,29.42
2024-04-06 11:00:00,-22.1,,4.6
2024-04-06 12:00:00,-50.0,,16.5
2024-04-06 13:00:00,-120.92,,2.0
2024-04-06 14:00:00,-125.3,,0.04
2024-04-06 15:00:00,-50.0,,0.06
2024-04-06 16:00:00,-20.0,,0.1
2024-04-06 17:00:00,0.0,,15.81
2024-04-06 18:00:00,55.92,,52.7
2024-04-06 19:00:00,69.2,,50.96
2024-04-06 20:00:00,65.0,,46.88
2024-04-06 21:00:00,64.9,,43.71
2024-04-06 22:00:00,46.6,,39.65
2024-04-06 23:00:00,30.0,,25.26
2024-04-07 00:00:00,10.24,,10.97
2024-04-07 01:00:00,0.09,,0.09
2024-04-07 02:00:00,0.0,,0.0
2024-04-07 03:00:00,,,
2024-04-07 04:00:00,,,
2024-04-07 05:00:00,,,
2024-04-07 06:00:00,,,
2024-04-07 07:00:00,,,
2024-04-07 08:00:00,,,
2024-04-07 09:00:00,-0.01,,-0.01
2024-04-07 10:00:00,-10.01,,-0.16
2024-04-07 11:00:00,-21.0,,-3.01
2024-04-07 12:00:00,-34.91,,-4.1
2024-04-07 13:00:00,-50.0,,-6.55
2024-04-07 14:00:00,-49.0,,-10.0
2024-04-07 15:00:00,-20.0,,-5.04
2024-04-07 16:00:00,-0.16,,-0.16
2024-04-07 17:00:00,4.28,,4.28
2024-04-07 18:00:00,51.32,,38.72
2024-04-07 19:00:00,84.0,,46.12
2024-04-07 20:00:00,90.93,,47.79
2024-04-07 21:00:00,80.1,,48.21
2024-04-07 22:00:00,75.31,,45.69
2024-04-07 23:00:00,69.68,,42.75
2024-04-08 00:00:00,70.1,,41.34
2024-04-08 01:00:00,64.53,,39.57
2024-04-08 02:00:00,63.91,,39.16
2024-04-08 03:00:00,66.06,,41.87
2024-04-08 04:00:00,66.49,,44.04
2024-04-08 05:00:00,69.48,,44.86
2024-04-08 06:00:00,93.19,,50.51
2024-04-08 07:00:00,149.78,,53.16
2024-04-08 08:00:00,128.52,,58.0
2024-04-08 09:00:00,85.51,,80.88
2024-04-08 10:00:00,69.89,,54.02
2024-04-08 11:00:00,67.1,,53.56
2024-04-08 12:00:00,64.7,,53.24
2024-04-08 13:00:00,60.0,,56.56
2024-04-08 14:00:00,57.89,,57.89
2024-04-08 15:00:00,63.4,,53.05
2024-04-08 16:00:00,70.0,,70.0
2024-04-08 17:00:00,75.01,,75.01
2024-04-08 18:00:00,104.9,,104.9
2024-04-08 19:00:00,137.3,,137.3
2024-04-08 20:00:00,124.8,,124.8
2024-04-08 21:00:00,84.85,,84.85
2024-04-08 22:00:00,77.0,,77.0
2024-04-08 23:00:00,75.56,,70.19
2024-04-09 00:00:00,83.31,,78.21
2024-04-09 01:00:00,69.39,,69.39
2024-04-09 02:00:00,64.73,,64.73
2024-04-09 03:00:00,59.02,,59.02
2024-04-09 04:00:00,60.84,,60.84
2024-04-09 05:00:00,65.48,,65.48
2024-04-09 06:00:00,77.2,,77.2
2024-04-09 07:00:00,89.95,,89.95
2024-04-09 08:00:00,79.78,,79.78
2024-04-09 09:00:00,68.3,,68.3
2024-04-09 10:00:00,50.5,,51.56
2024-04-09 11:00:00,42.87,,43.98
2024-04-09 12:00:00,32.78,,36.05
2024-04-09 13:00:00,7.1,,10.09
2024-04-09 14:00:00,7.56,,10.5
2024-04-09 15:00:00,0.0,,29.04
2024-04-09 16:00:00,13.2,,38.27
2024-04-09 17:00:00,40.72,,49.9
2024-04-09 18:00:00,61.6,,52.41
2024-04-09 19:00:00,73.51,,50.29
2024-04-09 20:00:00,79.92,,50.81
2024-04-09 21:00:00,66.64,,48.22
2024-04-09 22:00:00,59.52,,45.0
2024-04-09 23:00:00,34.54,,34.54
