timestamp,mef_g_per_kwh,marginal_side,marginal_label,marginal_fuel,marginal_eta,marginal_srmc_eur_per_mwh,price_DE,net_import_total_MW,cluster_zones,IMPORT_ambivalent_zones,residual_domestic_fossil_MW,flag_psp_price_setting,fb_boundary,fb_slack_to_min_MW,fb_slack_to_max_MW,fb_minNP_MW,fb_maxNP_MW,fb_NetPosition_MW,FEE_MW,ND_EXTRA_MW,RL_after_FEE_MW,RL_after_MU_WASTE_MW,RL_after_MU_NUC_MW,RL_after_MU_BIO_MW,RL_after_MU_OIL_MW,RL_after_FOSSIL_MU_MW,RL_after_PSP_MW,RL_after_RES_MW,DE_fossil_mustrun_cost_based_MW,DE_fossil_mustrun_required_MW,DE_fossil_mustrun_other_required_MW,DE_oil_mustrun_required_MW,BIO_MW,WASTE_MW,OIL_lowprice_profile_MW,OIL_MU_used_MW,residual_after_trade_MW,import_flow_target_MW,export_flow_target_MW,import_flow_observed_MW,export_flow_observed_MW,stack_import_utilized_MW,stack_export_utilized_MW,IMPORT_price_zone,LIGNITE_lowprice_profile_MW,flag_psp_scarcity_cap,flag_reservoir_enhanced
2024-01-01 00:00:00+01:00,1907.3705025282995,DE,SEE986331287955,Braunkohle,0.20080000162124634,,0.01,-11641.099999999999,AT|BE|CZ|FR|NL,,40584.75,False,False,,,,,,0.0,0.0,40584.75,40584.75,40584.75,40584.75,40584.75,40584.75,40584.75,40584.75,0.0,0.0,0.0,0.0,0.0,0.0,0.0,0.0,40584.75,0.0,4579.900000000001,0.0,4579.900000000001,0.0,0.0,,0.0,0,0
2024-01-01 01:00:00+01:00,467.4418526897566,DE,SEE920494524915,Erdgas,0.4300000071525574,100.77558135986328,0.0,-10711.3,BE|FR|NL,,39221.25,False,False,7000.0,6000.0,-5000.0,8000.0,2000.0,0.0,0.0,39221.25,39221.25,39221.25,39221.25,39221.25,39221.25,39221.25,39221.25,0.0,0.0,0.0,0.0,0.0,0.0,0.0,0.0,39221.25,0.0,652.45,0.0,652.45,0.0,0.0,,0.0,0,0
2024-01-01 02:00:00+01:00,940.350908659246,DE,SEE988699847857,Steinkohle,0.35624998807907104,98.85749053955078,-0.01,-10638.39,AT|BE|CZ|FR|NL,,38238.5,False,False,,,,,,0.0,0.0,38238.5,38238.5,38238.5,38238.5,38238.5,38238.5,38238.5,38238.5,0.0,0.0,0.0,0.0,0.0,0.0,0.0,0.0,38238.5,0.0,3650.55,0.0,3650.55,0.0,0.0,,0.0,0,0
2024-01-01 03:00:00+01:00,446.66667849929274,DE,SEE992213654456,Erdgas,0.44999998807907104,96.29666900634766,-0.03,-10478.789999999999,BE|DK1|FR|NL,,37508.5,False,False,,,,,,0.0,0.0,37508.5,37508.5,37508.5,37508.5,37508.5,37508.5,37508.5,37508.5,0.0,0.0,0.0,0.0,0.0,0.0,0.0,0.0,37508.5,0.0,1539.5,0.0,1539.5,0.0,0.0,,0.0,0,0
2024-01-01 04:00:00+01:00,446.66667849929274,DE,SEE939242219362,Erdgas,0.44999998807907104,96.29666900634766,-0.02,-10319.619999999999,AT|BE|CZ|DK1|FR|NL,,37134.75,False,False,,,,,,0.0,0.0,37134.75,37134.75,37134.75,37134.75,37134.75,37134.75,37134.75,37134.75,0.0,0.0,0.0,0.0,0.0,0.0,0.0,0.0,37134.75,0.0,3875.0200000000004,582.0,3875.0200000000004,0.0,0.0,,0.0,0,0
2024-01-01 05:00:00+01:00,446.66667849929274,DE,SEE992213654456,Erdgas,0.44999998807907104,96.29666900634766,-0.05,-11110.5,BE|DK1|NL,,37437.25,False,False,,,,,,0.0,0.0,37437.25,37437.25,37437.25,37437.25,37437.25,37437.25,37437.25,37437.25,0.0,0.0,0.0,0.0,0.0,0.0,0.0,0.0,37437.25,0.0,522.0,229.6,522.0,0.0,0.0,,0.0,0,0
2024-01-01 06:00:00+01:00,446.66667849929274,DE,SEE939242219362,Erdgas,0.44999998807907104,96.29666900634766,-0.02,-9877.83,BE|DK1|FR|NL,,37117.25,False,False,,,,,,0.0,0.0,37117.25,37117.25,37117.25,37117.25,37117.25,37117.25,37117.25,37117.25,0.0,0.0,0.0,0.0,0.0,0.0,0.0,0.0,37117.25,0.0,1832.65,0.0,1832.65,0.0,0.0,,0.0,0,0
2024-01-01 07:00:00+01:00,930.5555185786015,DE,SEE960100973492,Steinkohle,0.36000001430511475,97.82772064208984,0.0,-10921.12,AT|BE|CZ|DK1|FR|NL,,37722.5,False,False,,,,,,0.0,0.0,37722.5,37722.5,37722.5,37722.5,37722.5,37722.5,37722.5,37722.5,0.0,0.0,0.0,0.0,0.0,0.0,0.0,0.0,37722.5,0.0,4094.2999999999997,0.0,4094.2999999999997,0.0,0.0,,0.0,0,0
2024-01-01 08:00:00+01:00,465.27776570891064,DE,SEE922477386435,Erdgas,0.4320000112056732,100.30902862548828,0.04,-11293.17,AT|BE|CZ|FR|NL,,38390.75,False,False,,,,,,0.0,0.0,38390.75,38390.75,38390.75,38390.75,38390.75,38390.75,38390.75,38390.75,0.0,0.0,0.0,0.0,0.0,0.0,0.0,0.0,38390.75,0.0,4710.42,0.0,4710.42,0.0,0.0,,0.0,0,0
2024-01-01 09:00:00+01:00,478.57144351313764,DE,SEE974201537415,Erdgas,0.41999998688697815,103.17500305175781,0.06,-11408.859999999999,AT|BE|CZ|FR|NL,,40365.25,False,False,,,,,,0.0,0.0,40365.25,40365.25,40365.25,40365.25,40365.25,40365.25,40365.25,40365.25,0.0,0.0,0.0,0.0,0.0,0.0,0.0,0.0,40365.25,0.0,4291.2,0.0,4291.2,0.0,0.0,,0.0,0,0
2024-01-01 10:00:00+01:00,497.8944833885086,DE,SEE988684097793,Erdgas,0.40369999408721924,107.34085083007812,0.54,-12219.029999999999,AT|BE|CZ|FR|NL,,42739.5,False,False,,,,,,0.0,0.0,42739.5,42739.5,42739.5,42739.5,42739.5,42739.5,42739.5,42739.5,0.0,0.0,0.0,0.0,0.0,0.0,0.0,0.0,42739.5,0.0,5019.05,0.0,5019.05,0.0,0.0,,0.0,0,0
2024-01-01 11:00:00+01:00,1907.3705025282995,DE,SEE986331287955,Braunkohle,0.20080000162124634,136.0582733154297,2.24,-12561.56,AT|BE|CZ|FR|NL,,45281.25,False,False,,,,,,0.0,0.0,45281.25,45281.25,45281.25,45281.25,45281.25,45281.25,45281.25,45281.25,0.0,0.0,0.0,0.0,0.0,0.0,0.0,0.0,45281.25,0.0,5305.0,0.0,5305.0,0.0,0.0,,0.0,0,0
2024-01-01 12:00:00+01:00,804.0,DE,SEE972526098451,Erdgas,0.25,173.33399963378906,1.96,-10656.03,,,46291.0,False,False,,,,,,0.0,0.0,46291.0,46291.0,46291.0,46291.0,46291.0,46291.0,46291.0,46291.0,0.0,0.0,0.0,0.0,0.0,0.0,0.0,0.0,46291.0,0.0,10934.38,278.35,10934.38,0.0,0.0,,0.0,0,0
2024-01-01 13:00:00+01:00,804.0,DE,SEE972526098451,Erdgas,0.25,173.33399963378906,1.04,-9476.75,,,45714.5,False,False,,,,,,0.0,0.0,45714.5,45714.5,45714.5,45714.5,45714.5,45714.5,45714.5,45714.5,0.0,0.0,0.0,0.0,0.0,0.0,0.0,0.0,45714.5,0.0,10337.300000000001,860.55,10337.300000000001,0.0,0.0,,0.0,0,0
2024-01-01 14:00:00+01:00,638.0952429248813,DE,SEE973793127974,Erdgas,0.3149999976158142,137.56666564941406,3.66,-8985.36,,,45359.25,False,False,,,,,,0.0,0.0,45359.25,45359.25,45359.25,45359.25,45359.25,45359.25,45359.25,45359.25,0.0,0.0,0.0,0.0,0.0,0.0,0.0,0.0,45359.25,0.0,11183.61,2198.25,11183.61,0.0,0.0,,0.0,0,0
2024-01-01 15:00:00+01:00,638.0952429248813,DE,SEE973793127974,Erdgas,0.3149999976158142,137.56666564941406,43.06,-7783.87,,,45405.75,False,False,,,,,,0.0,0.0,45405.75,45405.75,45405.75,45405.75,45405.75,45405.75,45405.75,45405.75,0.0,0.0,0.0,0.0,0.0,0.0,0.0,0.0,45405.75,0.0,10516.47,2732.6,10516.47,0.0,0.0,,0.0,0,0
2024-01-01 16:00:00+01:00,804.0,DE,SEE972526098451,Erdgas,0.25,173.33399963378906,49.93,-5721.5,,,47343.25,False,False,,,,,,0.0,0.0,47343.25,47343.25,47343.25,47343.25,47343.25,47343.25,47343.25,47343.25,0.0,0.0,0.0,0.0,0.0,0.0,0.0,0.0,47343.25,0.0,9171.980000000001,3450.4799999999996,9171.980000000001,0.0,0.0,,0.0,0,0
2024-01-01 17:00:00+01:00,804.0,DE,SEE972526098451,Erdgas,0.25,173.33399963378906,58.0,-5850.93,,,50613.75,False,False,,,,,,0.0,0.0,50613.75,50613.75,50613.75,50613.75,50613.75,50613.75,50613.75,50613.75,0.0,0.0,0.0,0.0,0.0,0.0,0.0,0.0,50613.75,0.0,8580.580000000002,2729.6499999999996,8580.580000000002,0.0,0.0,,0.0,0,0
2024-01-01 18:00:00+01:00,804.0,DE,SEE972526098451,Erdgas,0.25,173.33399963378906,54.25,-6780.1,,,50701.75,False,False,,,,,,0.0,0.0,50701.75,50701.75,50701.75,50701.75,50701.75,50701.75,50701.75,50701.75,0.0,0.0,0.0,0.0,0.0,0.0,0.0,0.0,50701.75,0.0,9230.0,2449.9,9230.0,0.0,0.0,,0.0,0,0
2024-01-01 19:00:00+01:00,804.0,DE,SEE972526098451,Erdgas,0.25,173.33399963378906,48.01,-4557.47,DK2|SE4,,49611.0,False,False,,,,,,0.0,0.0,49611.0,49611.0,49611.0,49611.0,49611.0,49611.0,49611.0,49611.0,0.0,0.0,0.0,0.0,0.0,0.0,0.0,0.0,49611.0,0.0,4557.47,0.0,0.0,0.0,0.0,,0.0,0,0
2024-01-01 20:00:00+01:00,804.0,DE,SEE972526098451,Erdgas,0.25,173.33399963378906,42.95,-4744.17,,,47544.5,False,False,,,,,,0.0,0.0,47544.5,47544.5,47544.5,47544.5,47544.5,47544.5,47544.5,47544.5,0.0,0.0,0.0,0.0,0.0,0.0,0.0,0.0,47544.5,0.0,8757.85,4013.6800000000003,8757.85,0.0,0.0,,0.0,0,0
2024-01-01 21:00:00+01:00,659.8818113863266,DE,SEE971282697380,Erdgas,0.3046000003814697,142.2636260986328,47.09,-4727.9,,,45601.75,False,False,,,,,,0.0,0.0,45601.75,45601.75,45601.75,45601.75,45601.75,45601.75,45601.75,45601.75,0.0,0.0,0.0,0.0,0.0,0.0,0.0,0.0,45601.75,0.0,8223.4,3495.5,8223.4,0.0,0.0,,0.0,0,0
2024-01-01 22:00:00+01:00,516.1787294383877,DE,SEE971867565370,Erdgas,0.38940000534057617,111.28274536132812,35.55,-3048.4799999999996,AT|BE|CZ|DK1|FR|NL,,44113.75,False,False,,,,,,0.0,0.0,44113.75,44113.75,44113.75,44113.75,44113.75,44113.75,44113.75,44113.75,0.0,0.0,0.0,0.0,0.0,0.0,0.0,0.0,44113.75,0.0,1116.3999999999999,2914.4300000000003,1116.3999999999999,0.0,0.0,,0.0,0,0
2024-01-01 23:00:00+01:00,479.42753610825827,DE,SEE908672656115,Erdgas,0.4192500114440918,103.35957336425781,30.59,-3252.37,DK1,,41485.0,False,False,,,,,,0.0,0.0,41485.0,41485.0,41485.0,41485.0,41485.0,41485.0,41485.0,41485.0,0.0,0.0,0.0,0.0,0.0,0.0,0.0,0.0,41485.0,0.0,3252.37,0.0,0.0,0.0,0.0,,0.0,0,0
2024-01-02 00:00:00+01:00,465.27776570891064,DE,SEE982563254987,Erdgas,0.4320000112056732,100.30902862548828,20.07,-3803.5499999999993,DK1,,38793.25,False,False,,,,,,0.0,0.0,38793.25,38793.25,38793.25,38793.25,38793.25,38793.25,38793.25,38793.25,0.0,0.0,0.0,0.0,0.0,0.0,0.0,0.0,38793.25,0.0,3803.5499999999993,0.0,0.0,0.0,0.0,,0.0,0,0
2024-01-02 01:00:00+01:00,446.66667849929274,DE,SEE992213654456,Erdgas,0.44999998807907104,96.29666900634766,31.03,-3494.6200000000003,DK1,,37465.25,False,False,,,-11441.0,11752.0,,0.0,0.0,37465.25,37465.25,37465.25,37465.25,37465.25,37465.25,37465.25,37465.25,0.0,0.0,0.0,0.0,0.0,0.0,0.0,0.0,37465.25,0.0,3494.6200000000003,0.0,0.0,0.0,0.0,,0.0,0,0
2024-01-02 02:00:00+01:00,446.66667849929274,DE,SEE992213654456,Erdgas,0.44999998807907104,96.29666900634766,18.39,-4013.5000000000005,DK1,,37422.0,False,False,,,,,,0.0,0.0,37422.0,37422.0,37422.0,37422.0,37422.0,37422.0,37422.0,37422.0,0.0,0.0,0.0,0.0,0.0,0.0,0.0,0.0,37422.0,0.0,4013.5000000000005,0.0,0.0,0.0,0.0,,0.0,0,0
2024-01-02 03:00:00+01:00,930.5555185786015,DE,SEE960100973492,Steinkohle,0.36000001430511475,97.82772064208984,11.08,-3863.2999999999997,DK1,,37735.75,False,False,,,,,,0.0,0.0,37735.75,37735.75,37735.75,37735.75,37735.75,37735.75,37735.75,37735.75,0.0,0.0,0.0,0.0,0.0,0.0,0.0,0.0,37735.75,0.0,3863.2999999999997,0.0,0.0,0.0,0.0,,0.0,0,0
2024-01-02 04:00:00+01:00,472.9411632049459,DE,SEE998984420832,Erdgas,0.42500001192092896,101.96117401123047,13.78,-4681.23,DK1,,39798.25,False,False,,,,,,0.0,0.0,39798.25,39798.25,39798.25,39798.25,39798.25,39798.25,39798.25,39798.25,0.0,0.0,0.0,0.0,0.0,0.0,0.0,0.0,39798.25,0.0,4681.23,0.0,0.0,0.0,0.0,,0.0,0,0
2024-01-02 05:00:00+01:00,497.8944833885086,DE,SEE975166535577,Erdgas,0.40369999408721924,107.34085083007812,47.63,-5755.22,DK1,,42879.75,False,False,,,,,,0.0,0.0,42879.75,42879.75,42879.75,42879.75,42879.75,42879.75,42879.75,42879.75,0.0,0.0,0.0,0.0,0.0,0.0,0.0,0.0,42879.75,0.0,5755.22,0.0,0.0,0.0,0.0,,0.0,0,0
2024-01-02 06:00:00+01:00,804.0,DE,SEE972526098451,Erdgas,0.25,173.33399963378906,58.1,-5497.97,DK1,,48199.5,False,False,,,,,,0.0,0.0,48199.5,48199.5,48199.5,48199.5,48199.5,48199.5,48199.5,48199.5,0.0,0.0,0.0,0.0,0.0,0.0,0.0,0.0,48199.5,0.0,5497.97,0.0,0.0,0.0,0.0,,0.0,0,0
2024-01-02 07:00:00+01:00,804.0,DE,SEE972526098451,Erdgas,0.25,173.33399963378906,65.67,-4597.1500000000015,DK1|DK2|NO2|SE4,,53096.75,False,False,,,,,,0.0,0.0,53096.75,53096.75,53096.75,53096.75,53096.75,53096.75,53096.75,53096.75,0.0,0.0,0.0,0.0,0.0,0.0,0.0,0.0,53096.75,0.0,4597.1500000000015,0.0,0.0,0.0,0.0,,0.0,0,0
2024-01-02 08:00:00+01:00,804.0,DE,SEE972526098451,Erdgas,0.25,173.33399963378906,64.73,-4512.099999999999,DK1,,56619.75,False,False,,,,,,0.0,0.0,56619.75,56619.75,56619.75,56619.75,56619.75,56619.75,56619.75,56619.75,0.0,0.0,0.0,0.0,0.0,0.0,0.0,0.0,56619.75,0.0,4512.099999999999,0.0,0.0,0.0,0.0,,0.0,0,0
2024-01-02 09:00:00+01:00,804.0,DE,SEE972526098451,Erdgas,0.25,173.33399963378906,68.98,-4909.0,DK1|DK2|SE4,,58522.5,False,False,,,,,,0.0,0.0,58522.5,58522.5,58522.5,58522.5,58522.5,58522.5,58522.5,58522.5,0.0,0.0,0.0,0.0,0.0,0.0,0.0,0.0,58522.5,0.0,4909.0,0.0,0.0,0.0,0.0,,0.0,0,0
2024-01-02 10:00:00+01:00,804.0,DE,SEE972526098451,Erdgas,0.25,173.33399963378906,73.54,-2548.5700000000006,DK1|DK2|NO2|SE4,,60116.75,False,False,,,,,,0.0,0.0,60116.75,60116.75,60116.75,60116.75,60116.75,60116.75,60116.75,60116.75,0.0,0.0,0.0,0.0,0.0,0.0,0.0,0.0,60116.75,0.0,2548.5700000000006,0.0,0.0,0.0,0.0,,0.0,0,0
2024-01-02 11:00:00+01:00,804.0,DE,SEE972526098451,Erdgas,0.25,173.33399963378906,78.16,-1365.5800000000002,DK1|DK2|NO2|SE4,,61558.5,False,False,,,,,,0.0,0.0,61558.5,61558.5,61558.5,61558.5,61558.5,61558.5,61558.5,61558.5,0.0,0.0,0.0,0.0,0.0,0.0,0.0,0.0,61558.5,0.0,1365.5800000000002,0.0,0.0,0.0,0.0,,0.0,0,0
2024-01-02 12:00:00+01:00,804.0,DE,SEE972526098451,Erdgas,0.25,173.33399963378906,78.87,-107.25,DK1|DK2|NO2|SE4,,61906.75,False,False,,,,,,0.0,0.0,61906.75,61906.75,61906.75,61906.75,61906.75,61906.75,61906.75,61906.75,0.0,0.0,0.0,0.0,0.0,0.0,0.0,0.0,61906.75,0.0,107.25,0.0,0.0,0.0,0.0,,0.0,0,0
2024-01-02 13:00:00+01:00,804.0,DE,SEE972526098451,Erdgas,0.25,173.33399963378906,79.24,1925.0599999999995,DK1|DK2|NO2|SE4,,61234.5,False,False,,,,,,0.0,0.0,61234.5,61234.5,61234.5,61234.5,61234.5,61234.5,61234.5,61234.5,0.0,0.0,0.0,0.0,0.0,0.0,0.0,0.0,59309.44,1925.0599999999995,0.0,0.0,0.0,0.0,0.0,,0.0,0,0
2024-01-02 14:00:00+01:00,804.0,DE,SEE972526098451,Erdgas,0.25,173.33399963378906,79.96,1192.2800000000004,DK1|DK2|NO2|SE4,,60322.0,False,False,,,,,,0.0,0.0,60322.0,60322.0,60322.0,60322.0,60322.0,60322.0,60322.0,60322.0,0.0,0.0,0.0,0.0,0.0,0.0,0.0,0.0,59129.72,1192.2800000000004,0.0,0.0,0.0,0.0,0.0,,0.0,0,0
2024-01-02 15:00:00+01:00,804.0,DE,SEE972526098451,Erdgas,0.25,173.33399963378906,83.46,1110.5700000000002,,,60672.25,False,False,,,,,,0.0,0.0,60672.25,60672.25,60672.25,60672.25,60672.25,60672.25,60672.25,60672.25,0.0,0.0,0.0,0.0,0.0,0.0,0.0,0.0,59561.68,1110.5700000000002,5041.28,6151.85,5041.28,0.0,0.0,,0.0,0,0
2024-01-02 16:00:00+01:00,804.0,DE,SEE972526098451,Erdgas,0.25,173.33399963378906,80.92,-716.0000000000003,DK1|DK2|NO2|SE4,,62037.0,False,False,,,,,,0.0,0.0,62037.0,62037.0,62037.0,62037.0,62037.0,62037.0,62037.0,62037.0,0.0,0.0,0.0,0.0,0.0,0.0,0.0,0.0,62037.0,0.0,716.0000000000003,0.0,0.0,0.0,0.0,,0.0,0,0
2024-01-02 17:00:00+01:00,804.0,DE,SEE972526098451,Erdgas,0.25,173.33399963378906,74.95,-702.8700000000001,DK1|DK2|NO2|SE4,,64002.25,False,False,,,,,,0.0,0.0,64002.25,64002.25,64002.25,64002.25,64002.25,64002.25,64002.25,64002.25,0.0,0.0,0.0,0.0,0.0,0.0,0.0,0.0,64002.25,0.0,702.8700000000001,0.0,0.0,0.0,0.0,,0.0,0,0
2024-01-02 18:00:00+01:00,804.0,DE,SEE972526098451,Erdgas,0.25,173.33399963378906,63.18,-2308.1500000000005,DK1|DK2|SE4,,63701.0,False,False,,,,,,0.0,0.0,63701.0,63701.0,63701.0,63701.0,63701.0,63701.0,63701.0,63701.0,0.0,0.0,0.0,0.0,0.0,0.0,0.0,0.0,63701.0,0.0,2308.1500000000005,0.0,0.0,0.0,0.0,,0.0,0,0
2024-01-02 19:00:00+01:00,804.0,DE,SEE972526098451,Erdgas,0.25,173.33399963378906,57.11,-4952.58,DK1|DK2|SE4,,61825.0,False,False,,,,,,0.0,0.0,61825.0,61825.0,61825.0,61825.0,61825.0,61825.0,61825.0,61825.0,0.0,0.0,0.0,0.0,0.0,0.0,0.0,0.0,61825.0,0.0,4952.58,0.0,0.0,0.0,0.0,,0.0,0,0
2024-01-02 20:00:00+01:00,804.0,DE,SEE972526098451,Erdgas,0.25,173.33399963378906,46.89,-6010.18,DK1,,58664.75,False,False,,,,,,0.0,0.0,58664.75,58664.75,58664.75,58664.75,58664.75,58664.75,58664.75,58664.75,0.0,0.0,0.0,0.0,0.0,0.0,0.0,0.0,58664.75,0.0,6010.18,0.0,0.0,0.0,0.0,,0.0,0,0
2024-01-02 21:00:00+01:00,804.0,DE,SEE972526098451,Erdgas,0.25,173.33399963378906,40.0,-8568.779999999999,DK1|DK2,,55309.0,False,False,,,,,,0.0,0.0,55309.0,55309.0,55309.0,55309.0,55309.0,55309.0,55309.0,55309.0,0.0,0.0,0.0,0.0,0.0,0.0,0.0,0.0,55309.0,0.0,8568.779999999999,0.0,0.0,0.0,0.0,,0.0,0,0
2024-01-02 22:00:00+01:00,804.0,DE,SEE972526098451,Erdgas,0.25,173.33399963378906,7.43,-9538.78,,,52523.0,False,False,,,,,,0.0,0.0,52523.0,52523.0,52523.0,52523.0,52523.0,52523.0,52523.0,52523.0,0.0,0.0,0.0,0.0,0.0,0.0,0.0,0.0,52523.0,0.0,11972.13,2433.35,11972.13,0.0,0.0,,0.0,0,0
2024-01-02 23:00:00+01:00,804.0,DE,SEE972526098451,Erdgas,0.25,173.33399963378906,-0.08,-11881.329999999998,,,49553.25,False,False,,,,,,0.0,0.0,49553.25,49553.25,49553.25,49553.25,49553.25,49553.25,49553.25,49553.25,0.0,0.0,0.0,0.0,0.0,0.0,0.0,0.0,49553.25,0.0,12348.079999999998,466.75,12348.079999999998,0.0,0.0,,0.0,0,0
2024-01-03 00:00:00+01:00,804.0,DE,SEE972526098451,Erdgas,0.25,173.33399963378906,-1.23,-10799.829999999998,BE,,46590.75,False,False,,,,,,0.0,0.0,46590.75,46590.75,46590.75,46590.75,46590.75,46590.75,46590.75,46590.75,0.0,0.0,0.0,0.0,0.0,0.0,0.0,0.0,46590.75,0.0,745.0,0.0,745.0,0.0,0.0,,0.0,0,0
2024-01-03 01:00:00+01:00,562.2377828605213,DE,SEE962934119541,Erdgas,0.35749998688697815,127.43636322021484,-1.3,-10124.579999999998,,,44766.5,False,True,14066.3,12036.7,-12147.0,13956.0,1919.3,0.0,0.0,44766.5,44766.5,44766.5,44766.5,44766.5,44766.5,44766.5,44766.5,0.0,0.0,0.0,0.0,0.0,0.0,0.0,0.0,44766.5,0.0,12442.58,2318.0,12442.58,0.0,0.0,,0.0,0,0
2024-01-03 02:00:00+01:00,503.38090524272326,DE,SEE987007882719,Erdgas,0.3993000090122223,114.09591674804688,-1.31,-11124.779999999999,BE|NL,,43713.25,False,False,,,,,,0.0,0.0,43713.25,43713.25,43713.25,43713.25,43713.25,43713.25,43713.25,43713.25,0.0,0.0,0.0,0.0,0.0,0.0,0.0,0.0,43713.25,0.0,1325.25,0.0,1325.25,0.0,0.0,,0.0,0,0
2024-01-03 03:00:00+01:00,516.1787294383877,DE,SEE971867565370,Erdgas,0.38940000534057617,116.99665832519531,-1.31,-10947.86,,,44073.0,False,False,,,,,,0.0,0.0,44073.0,44073.0,44073.0,44073.0,44073.0,44073.0,44073.0,44073.0,0.0,0.0,0.0,0.0,0.0,0.0,0.0,0.0,44073.0,0.0,11768.61,820.75,11768.61,0.0,0.0,,0.0,0,0
2024-01-03 04:00:00+01:00,638.0952429248813,DE,SEE904161631090,Erdgas,0.3149999976158142,144.63015747070312,-1.38,-11087.710000000001,,,45503.25,False,False,,,,,,0.0,0.0,45503.25,45503.25,45503.25,45503.25,45503.25,45503.25,45503.25,45503.25,0.0,0.0,0.0,0.0,0.0,0.0,0.0,0.0,45503.25,0.0,12089.41,1001.7,12089.41,0.0,0.0,,0.0,0,0
2024-01-03 05:00:00+01:00,804.0,DE,SEE972526098451,Erdgas,0.25,182.23399353027344,1.09,-8384.0,DK1,,48405.5,False,False,,,,,,0.0,0.0,48405.5,48405.5,48405.5,48405.5,48405.5,48405.5,48405.5,48405.5,0.0,0.0,0.0,0.0,0.0,0.0,0.0,0.0,48405.5,0.0,8384.0,0.0,0.0,0.0,0.0,,0.0,0,0
2024-01-03 06:00:00+01:00,804.0,DE,SEE972526098451,Erdgas,0.25,182.23399353027344,40.59,-10285.68,DK1,,54234.75,False,False,,,,,,0.0,0.0,54234.75,54234.75,54234.75,54234.75,54234.75,54234.75,54234.75,54234.75,0.0,0.0,0.0,0.0,0.0,0.0,0.0,0.0,54234.75,0.0,10285.68,0.0,0.0,0.0,0.0,,0.0,0,0
2024-01-03 07:00:00+01:00,804.0,DE,SEE972526098451,Erdgas,0.25,182.23399353027344,59.61,-10296.18,DK1,,58794.25,False,False,,,,,,0.0,0.0,58794.25,58794.25,58794.25,58794.25,58794.25,58794.25,58794.25,58794.25,0.0,0.0,0.0,0.0,0.0,0.0,0.0,0.0,58794.25,0.0,10296.18,0.0,0.0,0.0,0.0,,0.0,0,0
2024-01-03 08:00:00+01:00,804.0,DE,SEE972526098451,Erdgas,0.25,182.23399353027344,60.61,-10295.580000000002,DK1,,61579.25,False,False,,,,,,0.0,0.0,61579.25,61579.25,61579.25,61579.25,61579.25,61579.25,61579.25,61579.25,0.0,0.0,0.0,0.0,0.0,0.0,0.0,0.0,61579.25,0.0,10295.580000000002,0.0,0.0,0.0,0.0,,0.0,0,0
2024-01-03 09:00:00+01:00,804.0,DE,SEE972526098451,Erdgas,0.25,182.23399353027344,57.0,-10047.16,DK1,,62887.5,False,False,,,,,,0.0,0.0,62887.5,62887.5,62887.5,62887.5,62887.5,62887.5,62887.5,62887.5,0.0,0.0,0.0,0.0,0.0,0.0,0.0,0.0,62887.5,0.0,10047.16,0.0,0.0,0.0,0.0,,0.0,0,0
2024-01-03 10:00:00+01:00,804.0,DE,SEE972526098451,Erdgas,0.25,182.23399353027344,54.89,-10918.71,DK1,,63709.5,False,False,,,,,,0.0,0.0,63709.5,63709.5,63709.5,63709.5,63709.5,63709.5,63709.5,63709.5,0.0,0.0,0.0,0.0,0.0,0.0,0.0,0.0,63709.5,0.0,10918.71,0.0,0.0,0.0,0.0,,0.0,0,0
2024-01-03 11:00:00+01:00,804.0,DE,SEE972526098451,Erdgas,0.25,182.23399353027344,53.89,-10161.020000000002,,,65086.25,False,False,,,,,,0.0,0.0,65086.25,65086.25,65086.25,65086.25,65086.25,65086.25,65086.25,65086.25,0.0,0.0,0.0,0.0,0.0,0.0,0.0,0.0,65086.25,0.0,11479.470000000001,1318.45,11479.470000000001,0.0,0.0,,0.0,0,0
2024-01-03 12:00:00+01:00,804.0,DE,SEE972526098451,Erdgas,0.25,182.23399353027344,54.42,-8845.05,,,65112.5,False,False,,,,,,0.0,0.0,65112.5,65112.5,65112.5,65112.5,65112.5,65112.5,65112.5,65112.5,0.0,0.0,0.0,0.0,0.0,0.0,0.0,0.0,65112.5,0.0,11239.900000000001,2394.85,11239.900000000001,0.0,0.0,,0.0,0,0
2024-01-03 13:00:00+01:00,804.0,DE,SEE972526098451,Erdgas,0.25,182.23399353027344,60.86,-8158.279999999999,DK1|NL,,63723.0,False,False,,,,,,0.0,0.0,63723.0,63723.0,63723.0,63723.0,63723.0,63723.0,63723.0,63723.0,0.0,0.0,0.0,0.0,0.0,0.0,0.0,0.0,63723.0,0.0,340.9,0.0,340.9,0.0,0.0,,0.0,0,0
2024-01-03 14:00:00+01:00,804.0,DE,SEE972526098451,Erdgas,0.25,182.23399353027344,67.18,-6678.530000000001,DK1,,62559.5,False,False,,,,,,0.0,0.0,62559.5,62559.5,62559.5,62559.5,62559.5,62559.5,62559.5,62559.5,0.0,0.0,0.0,0.0,0.0,0.0,0.0,0.0,62559.5,0.0,6678.530000000001,0.0,0.0,0.0,0.0,,0.0,0,0
2024-01-03 15:00:00+01:00,804.0,DE,SEE972526098451,Erdgas,0.25,182.23399353027344,73.59,-4777.03,DK1|DK2|NO2|SE4,,62101.75,False,False,,,,,,0.0,0.0,62101.75,62101.75,62101.75,62101.75,62101.75,62101.75,62101.75,62101.75,0.0,0.0,0.0,0.0,0.0,0.0,0.0,0.0,62101.75,0.0,4777.03,0.0,0.0,0.0,0.0,,0.0,0,0
2024-01-03 16:00:00+01:00,804.0,DE,SEE972526098451,Erdgas,0.25,182.23399353027344,82.28,-4391.77,DK1|DK2|NO2|SE4,,62736.0,False,False,,,,,,0.0,0.0,62736.0,62736.0,62736.0,62736.0,62736.0,62736.0,62736.0,62736.0,0.0,0.0,0.0,0.0,0.0,0.0,0.0,0.0,62736.0,0.0,4391.77,0.0,0.0,0.0,0.0,,0.0,0,0
2024-01-03 17:00:00+01:00,804.0,DE,SEE972526098451,Erdgas,0.25,182.23399353027344,82.97,-3130.95,DK1|DK2|NO2|SE4,,65204.0,False,False,,,,,,0.0,0.0,65204.0,65204.0,65204.0,65204.0,65204.0,65204.0,65204.0,65204.0,0.0,0.0,0.0,0.0,0.0,0.0,0.0,0.0,65204.0,0.0,3130.95,0.0,0.0,0.0,0.0,,0.0,0,0
2024-01-03 18:00:00+01:00,804.0,DE,SEE972526098451,Erdgas,0.25,182.23399353027344,79.03,-957.3500000000004,DK1|DK2|NO2|SE4,,65237.25,False,False,,,,,,0.0,0.0,65237.25,65237.25,65237.25,65237.25,65237.25,65237.25,65237.25,65237.25,0.0,0.0,0.0,0.0,0.0,0.0,0.0,0.0,65237.25,0.0,957.3500000000004,0.0,0.0,0.0,0.0,,0.0,0,0
2024-01-03 19:00:00+01:00,804.0,DE,SEE972526098451,Erdgas,0.25,182.23399353027344,73.23,645.5999999999999,AT|BE|CZ|DK1|DK2|FR|NL|NO2|SE4,,63099.5,False,False,,,,,,0.0,0.0,63099.5,63099.5,63099.5,63099.5,63099.5,63099.5,63099.5,63099.5,0.0,0.0,0.0,0.0,0.0,0.0,0.0,0.0,62453.9,645.5999999999999,1726.47,3240.3,1726.47,0.0,0.0,,0.0,0,0
2024-01-03 20:00:00+01:00,804.0,DE,SEE972526098451,Erdgas,0.25,182.23399353027344,67.41,-2042.5500000000004,AT|BE|CZ|DK1|DK2|FR|NL|SE4,,59255.75,False,False,,,,,,0.0,0.0,59255.75,59255.75,59255.75,59255.75,59255.75,59255.75,59255.75,59255.75,0.0,0.0,0.0,0.0,0.0,0.0,0.0,0.0,59255.75,0.0,3274.4700000000003,4467.45,3274.4700000000003,0.0,0.0,,0.0,0,0
2024-01-03 21:00:00+01:00,804.0,DE,SEE972526098451,Erdgas,0.25,182.23399353027344,65.0,-2368.3500000000004,AT|BE|CZ|DK1|DK2|FR|NL|SE4,,56264.75,False,False,,,,,,0.0,0.0,56264.75,56264.75,56264.75,56264.75,56264.75,56264.75,56264.75,56264.75,0.0,0.0,0.0,0.0,0.0,0.0,0.0,0.0,56264.75,0.0,3558.3,4484.7,3558.3,0.0,0.0,,0.0,0,0
2024-01-03 22:00:00+01:00,804.0,DE,SEE972526098451,Erdgas,0.25,182.23399353027344,58.12,-2955.6800000000003,AT|BE|CZ|DK1|DK2|FR|NL|SE4,,53269.0,False,False,,,,,,0.0,0.0,53269.0,53269.0,53269.0,53269.0,53269.0,53269.0,53269.0,53269.0,0.0,0.0,0.0,0.0,0.0,0.0,0.0,0.0,53269.0,0.0,2953.8,3793.3,2953.8,0.0,0.0,,0.0,0,0
2024-01-03 23:00:00+01:00,804.0,DE,SEE972526098451,Erdgas,0.25,182.23399353027344,57.3,-4911.63,AT|BE|CZ|DK1|FR|NL,,49501.5,False,False,,,,,,0.0,0.0,49501.5,49501.5,49501.5,49501.5,49501.5,49501.5,49501.5,49501.5,0.0,0.0,0.0,0.0,0.0,0.0,0.0,0.0,49501.5,0.0,3298.88,3067.9,3298.88,0.0,0.0,,0.0,0,0
2024-01-04 00:00:00+01:00,804.0,DE,SEE972526098451,Erdgas,0.25,182.23399353027344,50.46,-4705.33,AT|BE|CZ|DK1|FR|NL,,46828.0,False,False,,,,,,0.0,0.0,46828.0,46828.0,46828.0,46828.0,46828.0,46828.0,46828.0,46828.0,0.0,0.0,0.0,0.0,0.0,0.0,0.0,0.0,46828.0,0.0,3461.43,3778.7,3461.43,0.0,0.0,,0.0,0,0
2024-01-04 01:00:00+01:00,804.0,DE,SEE972526098451,Erdgas,0.25,184.69400024414062,40.0,-5064.37,AT|BE|CZ|DK1|FR|NL,,45717.75,False,False,,,-14102.0,12500.0,,0.0,0.0,45717.75,45717.75,45717.75,45717.75,45717.75,45717.75,45717.75,45717.75,0.0,0.0,0.0,0.0,0.0,0.0,0.0,0.0,45717.75,0.0,4197.129999999999,4194.6,4197.129999999999,0.0,0.0,,0.0,0,0
2024-01-04 02:00:00+01:00,1907.3705025282995,DE,SEE986331287955,Braunkohle,0.20080000162124634,136.0582733154297,25.48,-6267.4800000000005,AT|BE|CZ|DK1|FR|NL,,45066.75,False,False,,,,,,0.0,0.0,45066.75,45066.75,45066.75,45066.75,45066.75,45066.75,45066.75,45066.75,0.0,0.0,0.0,0.0,0.0,0.0,0.0,0.0,45066.75,0.0,4321.9,3433.3500000000004,4321.9,0.0,0.0,,0.0,0,0
2024-01-04 03:00:00+01:00,638.0952429248813,DE,SEE904161631090,Erdgas,0.3149999976158142,146.58253479003906,35.0,-6117.259999999998,AT|BE|CZ|DK1|FR|NL,,45451.0,False,False,,,,,,0.0,0.0,45451.0,45451.0,45451.0,45451.0,45451.0,45451.0,45451.0,45451.0,0.0,0.0,0.0,0.0,0.0,0.0,0.0,0.0,45451.0,0.0,4292.53,3524.4500000000003,4292.53,0.0,0.0,,0.0,0,0
2024-01-04 04:00:00+01:00,804.0,DE,SEE972526098451,Erdgas,0.25,184.69400024414062,57.73,-7185.58,AT|BE|CZ|DK1|FR|NL,,46714.5,False,False,,,,,,0.0,0.0,46714.5,46714.5,46714.5,46714.5,46714.5,46714.5,46714.5,46714.5,0.0,0.0,0.0,0.0,0.0,0.0,0.0,0.0,46714.5,0.0,4622.2,3482.6,4622.2,0.0,0.0,,0.0,0,0
2024-01-04 05:00:00+01:00,804.0,DE,SEE972526098451,Erdgas,0.25,184.69400024414062,72.65,-6701.0,AT|BE|CZ|DK1|DK2|FR|NL|SE4,,49210.5,False,False,,,,,,0.0,0.0,49210.5,49210.5,49210.5,49210.5,49210.5,49210.5,49210.5,49210.5,0.0,0.0,0.0,0.0,0.0,0.0,0.0,0.0,49210.5,0.0,4173.55,3061.0,4173.55,0.0,0.0,,0.0,0,0
2024-01-04 06:00:00+01:00,804.0,DE,SEE972526098451,Erdgas,0.25,184.69400024414062,85.02,-6166.01,AT|BE|CZ|DK1|DK2|FR|NL|NO2|SE4,,54195.5,False,False,,,,,,0.0,0.0,54195.5,54195.5,54195.5,54195.5,54195.5,54195.5,54195.5,54195.5,0.0,0.0,0.0,0.0,0.0,0.0,0.0,0.0,54195.5,0.0,3945.45,1230.35,3945.45,0.0,0.0,,0.0,0,0
2024-01-04 07:00:00+01:00,804.0,DE,SEE972526098451,Erdgas,0.25,184.69400024414062,91.47,-4223.889999999999,AT|BE|CZ|DK1|DK2|FR|NL|NO2|PL|SE4,,59869.25,False,False,,,,,,0.0,0.0,59869.25,59869.25,59869.25,59869.25,59869.25,59869.25,59869.25,59869.25,0.0,0.0,0.0,0.0,0.0,0.0,0.0,0.0,59869.25,0.0,4874.27,1592.05,4874.27,0.0,0.0,,0.0,0,0
2024-01-04 08:00:00+01:00,804.0,DE,SEE972526098451,Erdgas,0.25,184.69400024414062,94.2,-1144.71,AT|BE|CZ|DK1|DK2|FR|NL|NO2|PL|SE4,,63555.25,False,False,,,,,,0.0,0.0,63555.25,63555.25,63555.25,63555.25,63555.25,63555.25,63555.25,63555.25,0.0,0.0,0.0,0.0,0.0,0.0,0.0,0.0,63555.25,0.0,3904.9,2181.0,3904.9,0.0,0.0,,0.0,0,0
2024-01-04 09:00:00+01:00,804.0,DE,SEE972526098451,Erdgas,0.25,184.69400024414062,91.61,-129.78999999999985,DK1|NL,,64881.0,False,False,,,,,,0.0,0.0,64881.0,64881.0,64881.0,64881.0,64881.0,64881.0,64881.0,64881.0,0.0,0.0,0.0,0.0,0.0,0.0,0.0,0.0,64881.0,0.0,1837.9,0.0,1837.9,0.0,0.0,,0.0,0,0
2024-01-04 10:00:00+01:00,804.0,DE,SEE972526098451,Erdgas,0.25,184.69400024414062,90.03,177.0,DK1|NL,,66011.75,False,False,,,,,,0.0,0.0,66011.75,66011.75,66011.75,66011.75,66011.75,66011.75,66011.75,66011.75,0.0,0.0,0.0,0.0,0.0,0.0,0.0,0.0,65834.75,177.0,1324.75,0.0,1324.75,0.0,0.0,,0.0,0,0
2024-01-04 11:00:00+01:00,804.0,DE,SEE972526098451,Erdgas,0.25,184.69400024414062,86.3,-1375.31,AT|DK1,,66213.0,False,False,,,,,,0.0,0.0,66213.0,66213.0,66213.0,66213.0,66213.0,66213.0,66213.0,66213.0,0.0,0.0,0.0,0.0,0.0,0.0,0.0,0.0,66213.0,0.0,1375.31,918.1,0.0,0.0,0.0,,0.0,0,0
2024-01-04 12:00:00+01:00,804.0,DE,SEE972526098451,Erdgas,0.25,184.69400024414062,85.96,-174.4799999999998,AT|BE|CZ|DK1|DK2|FR|NL|NO2|PL|SE4,,66245.25,False,False,,,,,,0.0,0.0,66245.25,66245.25,66245.25,66245.25,66245.25,66245.25,66245.25,66245.25,0.0,0.0,0.0,0.0,0.0,0.0,0.0,0.0,66245.25,0.0,2135.1499999999996,3305.5,2135.1499999999996,0.0,0.0,,0.0,0,0
2024-01-04 13:00:00+01:00,804.0,DE,SEE972526098451,Erdgas,0.25,184.69400024414062,92.11,1740.5899999999995,AT|BE|CZ|DK1|DK2|FR|NL|NO2|PL|SE4,,65359.75,False,False,,,,,,0.0,0.0,65359.75,65359.75,65359.75,65359.75,65359.75,65359.75,65359.75,65359.75,0.0,0.0,0.0,0.0,0.0,0.0,0.0,0.0,63619.16,1740.5899999999995,1574.9,5075.33,1574.9,0.0,0.0,,0.0,0,0
2024-01-04 14:00:00+01:00,804.0,DE,SEE972526098451,Erdgas,0.25,184.69400024414062,98.62,2725.48,AT|BE|CZ|DK1|DK2|FR|NL|NO2|PL|SE4,,64343.25,False,False,,,,,,0.0,0.0,64343.25,64343.25,64343.25,64343.25,64343.25,64343.25,64343.25,64343.25,0.0,0.0,0.0,0.0,0.0,0.0,0.0,0.0,61617.77,2725.48,1689.15,4301.65,1689.15,0.0,0.0,,0.0,0,0
2024-01-04 15:00:00+01:00,804.0,DE,SEE972526098451,Erdgas,0.25,184.69400024414062,105.73,4862.94,DK1|DK2|NO2|SE4,,63649.5,False,False,,,,,,0.0,0.0,63649.5,63649.5,63649.5,63649.5,63649.5,63649.5,63649.5,63649.5,0.0,0.0,0.0,0.0,0.0,0.0,0.0,0.0,58786.56,4862.94,0.0,0.0,0.0,0.0,0.0,,0.0,0,0
2024-01-04 16:00:00+01:00,804.0,DE,SEE972526098451,Erdgas,0.25,184.69400024414062,133.23,7086.71,DK1|DK2|NO2|SE4,,64440.0,False,False,,,,,,0.0,0.0,64440.0,64440.0,64440.0,64440.0,64440.0,64440.0,64440.0,64440.0,0.0,0.0,0.0,0.0,0.0,0.0,0.0,0.0,57353.29,7086.71,0.0,0.0,0.0,0.0,0.0,,0.0,0,0
2024-01-04 17:00:00+01:00,804.0,DE,SEE972526098451,Erdgas,0.25,184.69400024414062,144.65,9663.41,DK1|DK2|NO2|SE4,,66344.0,False,False,,,,,,0.0,0.0,66344.0,66344.0,66344.0,66344.0,66344.0,66344.0,66344.0,66344.0,0.0,0.0,0.0,0.0,0.0,0.0,0.0,0.0,56680.59,9663.41,0.0,0.0,0.0,0.0,0.0,,0.0,0,0
2024-01-04 18:00:00+01:00,804.0,DE,SEE972526098451,Erdgas,0.25,184.69400024414062,125.0,10223.800000000001,DK1|DK2|SE4,,65484.75,False,False,,,,,,0.0,0.0,65484.75,65484.75,65484.75,65484.75,65484.75,65484.75,65484.75,65484.75,0.0,0.0,0.0,0.0,0.0,0.0,0.0,0.0,55260.95,10223.800000000001,0.0,0.0,0.0,0.0,0.0,,0.0,0,0
2024-01-04 19:00:00+01:00,804.0,DE,SEE972526098451,Erdgas,0.25,184.69400024414062,103.59,12441.719999999998,DK1|DK2|SE4,,63987.5,False,False,,,,,,0.0,0.0,63987.5,63987.5,63987.5,63987.5,63987.5,63987.5,63987.5,63987.5,0.0,0.0,0.0,0.0,0.0,0.0,0.0,0.0,51545.78,12441.719999999998,0.0,0.0,0.0,0.0,0.0,,0.0,0,0
2024-01-04 20:00:00+01:00,804.0,DE,SEE972526098451,Erdgas,0.25,184.69400024414062,100.01,11520.02,DK1|DK2|SE4,,60250.75,False,False,,,,,,0.0,0.0,60250.75,60250.75,60250.75,60250.75,60250.75,60250.75,60250.75,60250.75,0.0,0.0,0.0,0.0,0.0,0.0,0.0,0.0,48730.729999999996,11520.02,0.0,0.0,0.0,0.0,0.0,,0.0,0,0
2024-01-04 21:00:00+01:00,659.8818113863266,DE,SEE971282697380,Erdgas,0.3046000003814697,151.5873260498047,94.86,11397.21,DK1|DK2|SE4,,56973.75,False,False,,,,,,0.0,0.0,56973.75,56973.75,56973.75,56973.75,56973.75,56973.75,56973.75,56973.75,0.0,0.0,0.0,0.0,0.0,0.0,0.0,0.0,45576.54,11397.21,0.0,0.0,0.0,0.0,0.0,,0.0,0,0
2024-01-04 22:00:00+01:00,503.38090524272326,DE,SEE976404468497,Erdgas,0.3993000090122223,115.63611602783203,88.83,9982.03,DK1|DK2|SE4,,53994.75,False,False,,,,,,0.0,0.0,53994.75,53994.75,53994.75,53994.75,53994.75,53994.75,53994.75,53994.75,0.0,0.0,0.0,0.0,0.0,0.0,0.0,0.0,44012.72,9982.03,0.0,0.0,0.0,0.0,0.0,,0.0,0,0
2024-01-04 23:00:00+01:00,479.42753610825827,DE,SEE917211801770,Erdgas,0.4192500114440918,110.13357543945312,86.08,8528.800000000001,AT|BE|CZ|DK1|FR|NL,,50578.25,False,False,,,,,,0.0,0.0,50578.25,50578.25,50578.25,50578.25,50578.25,50578.25,50578.25,50578.25,0.0,0.0,0.0,0.0,0.0,0.0,0.0,0.0,42049.45,8528.800000000001,903.0,6098.45,903.0,867.0,0.0,,0.0,0,0
2024-01-05 00:00:00+01:00,479.42753610825827,DE,SEE942237774470,Erdgas,0.4192500114440918,110.13357543945312,80.51,5921.32,AT|BE|CZ|DK1|FR|NL,,47347.25,False,False,,,,,,0.0,0.0,47347.25,47347.25,47347.25,47347.25,47347.25,47347.25,47347.25,47347.25,0.0,0.0,0.0,0.0,0.0,0.0,0.0,0.0,41425.93,5921.32,0.0,6782.049999999999,0.0,0.0,0.0,,0.0,0,0
2024-01-05 01:00:00+01:00,479.42753610825827,DE,SEE908672656115,Erdgas,0.4192500114440918,112.85271453857422,77.01,4227.429999999999,AT|BE|CZ|DK1|FR|NL,,45688.0,False,True,16849.8,12522.2,-16195.0,13177.0,654.8,0.0,0.0,45688.0,45688.0,45688.0,45688.0,45688.0,45688.0,45688.0,45688.0,0.0,0.0,0.0,0.0,0.0,0.0,0.0,0.0,41460.57,4227.429999999999,0.0,6618.88,0.0,0.0,0.0,,0.0,0,0
2024-01-05 02:00:00+01:00,479.42753610825827,DE,SEE988182827533,Erdgas,0.4192500114440918,112.85271453857422,73.21,3804.3500000000004,DK1,,44547.25,False,False,,,,,,0.0,0.0,44547.25,44547.25,44547.25,44547.25,44547.25,44547.25,44547.25,44547.25,0.0,0.0,0.0,0.0,0.0,0.0,0.0,0.0,40742.9,3804.3500000000004,0.0,0.0,0.0,0.0,0.0,,0.0,0,0
2024-01-05 03:00:00+01:00,479.42753610825827,DE,SEE908672656115,Erdgas,0.4192500114440918,112.85271453857422,74.05,3238.52,DK1,,44823.75,False,False,,,,,,0.0,0.0,44823.75,44823.75,44823.75,44823.75,44823.75,44823.75,44823.75,44823.75,0.0,0.0,0.0,0.0,0.0,0.0,0.0,0.0,41585.23,3238.52,0.0,0.0,0.0,0.0,0.0,,0.0,0,0
2024-01-05 04:00:00+01:00,502.4999925121666,DE,SEE959229794460,Erdgas,0.4000000059604645,118.28375244140625,76.03,2739.9,DK1,,46107.0,False,False,,,,,,0.0,0.0,46107.0,46107.0,46107.0,46107.0,46107.0,46107.0,46107.0,46107.0,0.0,0.0,0.0,0.0,0.0,0.0,0.0,0.0,43367.1,2739.9,0.0,0.0,0.0,0.0,0.0,,0.0,0,0
2024-01-05 05:00:00+01:00,804.0,DE,SEE972526098451,Erdgas,0.25,189.25399780273438,81.0,1230.8200000000002,DK1,,48565.75,False,False,,,,,,0.0,0.0,48565.75,48565.75,48565.75,48565.75,48565.75,48565.75,48565.75,48565.75,0.0,0.0,0.0,0.0,0.0,0.0,0.0,0.0,47334.93,1230.8200000000002,0.0,0.0,0.0,0.0,0.0,,0.0,0,0
2024-01-05 06:00:00+01:00,804.0,DE,SEE972526098451,Erdgas,0.25,189.25399780273438,87.0,1218.4000000000003,DK1,,53339.5,False,False,,,,,,0.0,0.0,53339.5,53339.5,53339.5,53339.5,53339.5,53339.5,53339.5,53339.5,0.0,0.0,0.0,0.0,0.0,0.0,0.0,0.0,52121.1,1218.4000000000003,0.0,0.0,0.0,0.0,0.0,,0.0,0,0
2024-01-05 07:00:00+01:00,804.0,DE,SEE972526098451,Erdgas,0.25,189.25399780273438,89.57,712.7300000000005,DK1,,58775.0,False,False,,,,,,0.0,0.0,58775.0,58775.0,58775.0,58775.0,58775.0,58775.0,58775.0,58775.0,0.0,0.0,0.0,0.0,0.0,0.0,0.0,0.0,58062.27,712.7300000000005,0.0,0.0,0.0,0.0,0.0,,0.0,0,0
2024-01-05 08:00:00+01:00,804.0,DE,SEE972526098451,Erdgas,0.25,189.25399780273438,94.93,1398.7500000000002,DK1,,62261.25,False,False,,,,,,0.0,0.0,62261.25,62261.25,62261.25,62261.25,62261.25,62261.25,62261.25,62261.25,0.0,0.0,0.0,0.0,0.0,0.0,0.0,0.0,60862.5,1398.7500000000002,0.0,0.0,0.0,0.0,0.0,,0.0,0,0
2024-01-05 09:00:00+01:00,804.0,DE,SEE972526098451,Erdgas,0.25,189.25399780273438,96.28,-542.2200000000001,DK1,,63862.5,False,False,,,,,,0.0,0.0,63862.5,63862.5,63862.5,63862.5,63862.5,63862.5,63862.5,63862.5,0.0,0.0,0.0,0.0,0.0,0.0,0.0,0.0,63862.5,0.0,542.2200000000001,0.0,0.0,0.0,0.0,,0.0,0,0
2024-01-05 10:00:00+01:00,804.0,DE,SEE972526098451,Erdgas,0.25,189.25399780273438,98.22,-1098.13,DK1|NL,,64660.75,False,False,,,,,,0.0,0.0,64660.75,64660.75,64660.75,64660.75,64660.75,64660.75,64660.75,64660.75,0.0,0.0,0.0,0.0,0.0,0.0,0.0,0.0,64660.75,0.0,722.3,0.0,722.3,0.0,0.0,,0.0,0,0
2024-01-05 11:00:00+01:00,804.0,DE,SEE972526098451,Erdgas,0.25,189.25399780273438,92.24,-2534.86,DK1,,65428.75,False,False,,,,,,0.0,0.0,65428.75,65428.75,65428.75,65428.75,65428.75,65428.75,65428.75,65428.75,0.0,0.0,0.0,0.0,0.0,0.0,0.0,0.0,65428.75,0.0,2534.86,0.0,0.0,0.0,0.0,,0.0,0,0
2024-01-05 12:00:00+01:00,804.0,DE,SEE972526098451,Erdgas,0.25,189.25399780273438,91.54,-2348.83,DK1,,65164.75,False,False,,,,,,0.0,0.0,65164.75,65164.75,65164.75,65164.75,65164.75,65164.75,65164.75,65164.75,0.0,0.0,0.0,0.0,0.0,0.0,0.0,0.0,65164.75,0.0,2348.83,0.0,0.0,0.0,0.0,,0.0,0,0
2024-01-05 13:00:00+01:00,804.0,DE,SEE972526098451,Erdgas,0.25,189.25399780273438,96.41,-2571.9299999999994,DK1,,63852.75,False,False,,,,,,0.0,0.0,63852.75,63852.75,63852.75,63852.75,63852.75,63852.75,63852.75,63852.75,0.0,0.0,0.0,0.0,0.0,0.0,0.0,0.0,63852.75,0.0,2571.9299999999994,0.0,0.0,0.0,0.0,,0.0,0,0
2024-01-05 14:00:00+01:00,804.0,DE,SEE972526098451,Erdgas,0.25,189.25399780273438,100.05,-1031.09,DK1,,62778.5,False,False,,,,,,0.0,0.0,62778.5,62778.5,62778.5,62778.5,62778.5,62778.5,62778.5,62778.5,0.0,0.0,0.0,0.0,0.0,0.0,0.0,0.0,62778.5,0.0,1031.09,0.0,0.0,0.0,0.0,,0.0,0,0
2024-01-05 15:00:00+01:00,804.0,DE,SEE972526098451,Erdgas,0.25,189.25399780273438,102.97,-594.5499999999996,DK1,,62317.5,False,False,,,,,,0.0,0.0,62317.5,62317.5,62317.5,62317.5,62317.5,62317.5,62317.5,62317.5,0.0,0.0,0.0,0.0,0.0,0.0,0.0,0.0,62317.5,0.0,594.5499999999996,0.0,0.0,0.0,0.0,,0.0,0,0
2024-01-05 16:00:00+01:00,804.0,DE,SEE972526098451,Erdgas,0.25,189.25399780273438,107.38,-405.9200000000003,DK1,,63400.0,False,False,,,,,,0.0,0.0,63400.0,63400.0,63400.0,63400.0,63400.0,63400.0,63400.0,63400.0,0.0,0.0,0.0,0.0,0.0,0.0,0.0,0.0,63400.0,0.0,405.9200000000003,0.0,0.0,0.0,0.0,,0.0,0,0
2024-01-05 17:00:00+01:00,804.0,DE,SEE972526098451,Erdgas,0.25,189.25399780273438,108.45,-497.2900000000004,DK1,,65739.25,False,False,,,,,,0.0,0.0,65739.25,65739.25,65739.25,65739.25,65739.25,65739.25,65739.25,65739.25,0.0,0.0,0.0,0.0,0.0,0.0,0.0,0.0,65739.25,0.0,497.2900000000004,0.0,0.0,0.0,0.0,,0.0,0,0
2024-01-05 18:00:00+01:00,804.0,DE,SEE972526098451,Erdgas,0.25,189.25399780273438,103.96,-779.3399999999998,DK1,,65651.75,False,False,,,,,,0.0,0.0,65651.75,65651.75,65651.75,65651.75,65651.75,65651.75,65651.75,65651.75,0.0,0.0,0.0,0.0,0.0,0.0,0.0,0.0,65651.75,0.0,779.3399999999998,0.0,0.0,0.0,0.0,,0.0,0,0
2024-01-05 19:00:00+01:00,804.0,DE,SEE972526098451,Erdgas,0.25,189.25399780273438,100.09,-1469.2399999999998,DK1,,63699.0,False,False,,,,,,0.0,0.0,63699.0,63699.0,63699.0,63699.0,63699.0,63699.0,63699.0,63699.0,0.0,0.0,0.0,0.0,0.0,0.0,0.0,0.0,63699.0,0.0,1469.2399999999998,0.0,0.0,0.0,0.0,,0.0,0,0
2024-01-05 20:00:00+01:00,804.0,DE,SEE972526098451,Erdgas,0.25,189.25399780273438,94.19,-2004.14,DK1,,60065.5,False,False,,,,,,0.0,0.0,60065.5,60065.5,60065.5,60065.5,60065.5,60065.5,60065.5,60065.5,0.0,0.0,0.0,0.0,0.0,0.0,0.0,0.0,60065.5,0.0,2004.14,0.0,0.0,0.0,0.0,,0.0,0,0
2024-01-05 21:00:00+01:00,804.0,DE,SEE972526098451,Erdgas,0.25,189.25399780273438,94.92,-2460.8199999999997,AT|BE|CZ|DK1|FR|NL|PL,,56923.5,False,False,,,,,,0.0,0.0,56923.5,56923.5,56923.5,56923.5,56923.5,56923.5,56923.5,56923.5,0.0,0.0,0.0,0.0,0.0,0.0,0.0,0.0,56923.5,0.0,1791.23,2369.2,1791.23,0.0,0.0,,0.0,0,0
2024-01-05 22:00:00+01:00,804.0,DE,SEE972526098451,Erdgas,0.25,189.25399780273438,86.8,-2113.19,AT|BE|CZ|DK1|FR|NL,,54390.25,False,False,,,,,,0.0,0.0,54390.25,54390.25,54390.25,54390.25,54390.25,54390.25,54390.25,54390.25,0.0,0.0,0.0,0.0,0.0,0.0,0.0,0.0,54390.25,0.0,1103.1799999999998,2195.2,1103.1799999999998,0.0,0.0,,0.0,0,0
2024-01-05 23:00:00+01:00,804.0,DE,SEE972526098451,Erdgas,0.25,189.25399780273438,82.25,-1833.25,AT|BE|CZ|DK1|FR|NL,,50925.0,False,False,,,,,,0.0,0.0,50925.0,50925.0,50925.0,50925.0,50925.0,50925.0,50925.0,50925.0,0.0,0.0,0.0,0.0,0.0,0.0,0.0,0.0,50925.0,0.0,1385.7800000000002,2182.3,1385.7800000000002,0.0,0.0,,0.0,0,0
2024-01-06 00:00:00+01:00,804.0,DE,SEE972526098451,Erdgas,0.25,189.25399780273438,80.2,-2017.6499999999999,AT|BE|CZ|DK1|FR|NL,,48050.5,False,False,,,,,,0.0,0.0,48050.5,48050.5,48050.5,48050.5,48050.5,48050.5,48050.5,48050.5,0.0,0.0,0.0,0.0,0.0,0.0,0.0,0.0,48050.5,0.0,1222.78,3508.35,1222.78,0.0,0.0,,0.0,0,0
2024-01-06 01:00:00+01:00,804.0,DE,SEE972526098451,Erdgas,0.25,189.25399780273438,76.13,-1250.43,AT|BE|CZ|DK1|FR|NL,,46302.0,False,False,,,-14501.0,19034.0,,0.0,0.0,46302.0,46302.0,46302.0,46302.0,46302.0,46302.0,46302.0,46302.0,0.0,0.0,0.0,0.0,0.0,0.0,0.0,0.0,46302.0,0.0,1270.95,3552.67,1270.95,0.0,0.0,,0.0,0,0
2024-01-06 02:00:00+01:00,638.0952429248813,DE,SEE973793127974,Erdgas,0.3149999976158142,150.2015838623047,73.01,-334.0499999999999,AT|BE|CZ|DK1|FR|NL,,45309.25,False,False,,,,,,0.0,0.0,45309.25,45309.25,45309.25,45309.25,45309.25,45309.25,45309.25,45309.25,0.0,0.0,0.0,0.0,0.0,0.0,0.0,0.0,45309.25,0.0,1334.85,5171.17,1334.85,0.0,0.0,,0.0,0,0
2024-01-06 03:00:00+01:00,516.1787294383877,DE,SEE971867565370,Erdgas,0.38940000534057617,121.50359344482422,73.01,585.1699999999998,AT|BE|CZ|DK1|FR|NL,,44661.5,False,False,,,,,,0.0,0.0,44661.5,44661.5,44661.5,44661.5,44661.5,44661.5,44661.5,44661.5,0.0,0.0,0.0,0.0,0.0,0.0,0.0,0.0,44076.33,585.1699999999998,753.7,5345.03,753.7,0.0,0.0,,0.0,0,0
2024-01-06 04:00:00+01:00,503.38090524272326,DE,SEE934927915690,Erdgas,0.3993000090122223,118.4911117553711,74.59,1205.8999999999996,AT|BE|CZ|DK1|FR|NL,,44751.0,False,False,,,,,,0.0,0.0,44751.0,44751.0,44751.0,44751.0,44751.0,44751.0,44751.0,44751.0,0.0,0.0,0.0,0.0,0.0,0.0,0.0,0.0,43545.1,1205.8999999999996,995.7,6269.9,995.7,0.0,0.0,,0.0,0,0
2024-01-06 05:00:00+01:00,503.38090524272326,DE,SEE987007882719,Erdgas,0.3993000090122223,118.4911117553711,75.1,1319.1600000000003,AT|BE|CZ|DK1|FR|NL,,45082.5,False,False,,,,,,0.0,0.0,45082.5,45082.5,45082.5,45082.5,45082.5,45082.5,45082.5,45082.5,0.0,0.0,0.0,0.0,0.0,0.0,0.0,0.0,43763.34,1319.1600000000003,435.1,5832.23,435.1,0.0,0.0,,0.0,0,0
2024-01-06 06:00:00+01:00,589.4428313220844,DE,SEE949799257847,Erdgas,0.3409999907016754,138.749267578125,81.39,678.4699999999998,AT|BE|CZ|DK1|FR|NL,,45702.75,False,False,,,,,,0.0,0.0,45702.75,45702.75,45702.75,45702.75,45702.75,45702.75,45702.75,45702.75,0.0,0.0,0.0,0.0,0.0,0.0,0.0,0.0,45024.28,678.4699999999998,554.5999999999999,5384.98,554.5999999999999,0.0,0.0,,0.0,0,0
2024-01-06 07:00:00+01:00,804.0,DE,SEE972526098451,Erdgas,0.25,189.25399780273438,88.4,239.35000000000014,AT|BE|CZ|DK1|FR|NL,,47334.25,False,False,,,,,,0.0,0.0,47334.25,47334.25,47334.25,47334.25,47334.25,47334.25,47334.25,47334.25,0.0,0.0,0.0,0.0,0.0,0.0,0.0,0.0,47094.9,239.35000000000014,768.55,4995.7,768.55,0.0,0.0,,0.0,0,0
2024-01-06 08:00:00+01:00,804.0,DE,SEE972526098451,Erdgas,0.25,189.25399780273438,92.23,6.669999999999845,AT|BE|CZ|DK1|FR|NL|PL,,50917.75,False,False,,,,,,0.0,0.0,50917.75,50917.75,50917.75,50917.75,50917.75,50917.75,50917.75,50917.75,0.0,0.0,0.0,0.0,0.0,0.0,0.0,0.0,50911.08,6.669999999999845,1374.95,4834.82,1374.95,0.0,0.0,,0.0,0,0
2024-01-06 09:00:00+01:00,804.0,DE,SEE972526098451,Erdgas,0.25,189.25399780273438,97.3,2188.0499999999997,AT|BE|CZ|DK1|FR|NL|PL,,54467.5,False,False,,,,,,0.0,0.0,54467.5,54467.5,54467.5,54467.5,54467.5,54467.5,54467.5,54467.5,0.0,0.0,0.0,0.0,0.0,0.0,0.0,0.0,52279.45,2188.0499999999997,581.6,5453.15,581.6,0.0,0.0,,0.0,0,0
2024-01-06 10:00:00+01:00,804.0,DE,SEE972526098451,Erdgas,0.25,189.25399780273438,100.43,2301.3900000000003,AT|DK1|NL,,56457.25,False,False,,,,,,0.0,0.0,56457.25,56457.25,56457.25,56457.25,56457.25,56457.25,56457.25,56457.25,0.0,0.0,0.0,0.0,0.0,0.0,0.0,0.0,54155.86,2301.3900000000003,0.0,434.66999999999996,0.0,0.0,0.0,,0.0,0,0
2024-01-06 11:00:00+01:00,804.0,DE,SEE972526098451,Erdgas,0.25,189.25399780273438,99.16,2110.7300000000005,AT|BE|CZ|DK1|FR|NL|PL,,58228.5,False,False,,,,,,0.0,0.0,58228.5,58228.5,58228.5,58228.5,58228.5,58228.5,58228.5,58228.5,0.0,0.0,0.0,0.0,0.0,0.0,0.0,0.0,56117.77,2110.7300000000005,684.2,5457.5,684.2,352.0,0.0,,0.0,0,0
2024-01-06 12:00:00+01:00,804.0,DE,SEE972526098451,Erdgas,0.25,189.25399780273438,95.22,3666.7999999999993,DK1,,58592.5,False,False,,,,,,0.0,0.0,58592.5,58592.5,58592.5,58592.5,58592.5,58592.5,58592.5,58592.5,0.0,0.0,0.0,0.0,0.0,0.0,0.0,0.0,54925.7,3666.7999999999993,0.0,0.0,0.0,0.0,0.0,,0.0,0,0
2024-01-06 13:00:00+01:00,804.0,DE,SEE972526098451,Erdgas,0.25,189.25399780273438,92.55,2156.2900000000004,DK1,,57519.25,False,False,,,,,,0.0,0.0,57519.25,57519.25,57519.25,57519.25,57519.25,57519.25,57519.25,57519.25,0.0,0.0,0.0,0.0,0.0,0.0,0.0,0.0,55362.96,2156.2900000000004,0.0,0.0,0.0,0.0,0.0,,0.0,0,0
2024-01-06 14:00:00+01:00,804.0,DE,SEE972526098451,Erdgas,0.25,189.25399780273438,95.09,1514.7700000000004,DK1,,56911.0,False,False,,,,,,0.0,0.0,56911.0,56911.0,56911.0,56911.0,56911.0,56911.0,56911.0,56911.0,0.0,0.0,0.0,0.0,0.0,0.0,0.0,0.0,55396.229999999996,1514.7700000000004,0.0,0.0,0.0,0.0,0.0,,0.0,0,0
2024-01-06 15:00:00+01:00,804.0,DE,SEE972526098451,Erdgas,0.25,189.25399780273438,99.85,3172.1199999999994,DK1,,56989.75,False,False,,,,,,0.0,0.0,56989.75,56989.75,56989.75,56989.75,56989.75,56989.75,56989.75,56989.75,0.0,0.0,0.0,0.0,0.0,0.0,0.0,0.0,53817.63,3172.1199999999994,0.0,0.0,0.0,0.0,0.0,,0.0,0,0
2024-01-06 16:00:00+01:00,804.0,DE,SEE972526098451,Erdgas,0.25,189.25399780273438,104.27,3165.74,,,57764.25,False,False,,,,,,0.0,0.0,57764.25,57764.25,57764.25,57764.25,57764.25,57764.25,57764.25,57764.25,0.0,0.0,0.0,0.0,0.0,0.0,0.0,0.0,54598.51,3165.74,4843.4,8009.139999999999,4843.4,0.0,0.0,,0.0,0,0
2024-01-06 17:00:00+01:00,804.0,DE,SEE972526098451,Erdgas,0.25,189.25399780273438,103.63,3691.3,AT|BE|CZ|FR|NL|PL,,59804.25,False,False,,,,,,0.0,0.0,59804.25,59804.25,59804.25,59804.25,59804.25,59804.25,59804.25,59804.25,0.0,0.0,0.0,0.0,0.0,0.0,0.0,0.0,56112.95,3691.3,1986.0,6810.75,1986.0,615.6,0.0,,0.0,0,0
2024-01-06 18:00:00+01:00,804.0,DE,SEE972526098451,Erdgas,0.25,189.25399780273438,99.0,4318.27,AT|BE|CZ|FR|NL|PL,,59876.75,False,False,,,,,,0.0,0.0,59876.75,59876.75,59876.75,59876.75,59876.75,59876.75,59876.75,59876.75,0.0,0.0,0.0,0.0,0.0,0.0,0.0,0.0,55558.479999999996,4318.27,1252.3,6955.23,1252.3,744.0,0.0,,0.0,0,0
2024-01-06 19:00:00+01:00,804.0,DE,SEE972526098451,Erdgas,0.25,189.25399780273438,92.14,4449.03,AT|BE|CZ|FR|NL|PL,,58241.0,False,False,,,,,,0.0,0.0,58241.0,58241.0,58241.0,58241.0,58241.0,58241.0,58241.0,58241.0,0.0,0.0,0.0,0.0,0.0,0.0,0.0,0.0,53791.97,4449.03,785.45,5900.13,785.45,649.0,0.0,,0.0,0,0
2024-01-06 20:00:00+01:00,804.0,DE,SEE972526098451,Erdgas,0.25,189.25399780273438,88.0,2903.1699999999996,AT|BE|CZ|DK1|FR|NL|PL,,55108.0,False,False,,,,,,0.0,0.0,55108.0,55108.0,55108.0,55108.0,55108.0,55108.0,55108.0,55108.0,0.0,0.0,0.0,0.0,0.0,0.0,0.0,0.0,52204.83,2903.1699999999996,436.59999999999997,5033.83,436.59999999999997,0.0,0.0,,0.0,0,0
2024-01-06 21:00:00+01:00,804.0,DE,SEE972526098451,Erdgas,0.25,189.25399780273438,86.57,1015.7299999999996,AT|BE|CZ|FR|NL,,52688.5,False,False,,,,,,0.0,0.0,52688.5,52688.5,52688.5,52688.5,52688.5,52688.5,52688.5,52688.5,0.0,0.0,0.0,0.0,0.0,0.0,0.0,0.0,51672.770000000004,1015.7299999999996,1048.15,4705.83,1048.15,0.0,0.0,,0.0,0,0
2024-01-06 22:00:00+01:00,804.0,DE,SEE972526098451,Erdgas,0.25,189.25399780273438,79.87,893.3299999999999,AT|BE|CZ|FR|NL,,51441.5,False,False,,,,,,0.0,0.0,51441.5,51441.5,51441.5,51441.5,51441.5,51441.5,51441.5,51441.5,0.0,0.0,0.0,0.0,0.0,0.0,0.0,0.0,50548.17,893.3299999999999,1028.65,5479.629999999999,1028.65,0.0,0.0,,0.0,0,0
2024-01-06 23:00:00+01:00,804.0,DE,SEE972526098451,Erdgas,0.25,189.25399780273438,84.08,539.0799999999999,AT|BE|CZ|FR|NL,,48625.0,False,False,,,,,,0.0,0.0,48625.0,48625.0,48625.0,48625.0,48625.0,48625.0,48625.0,48625.0,0.0,0.0,0.0,0.0,0.0,0.0,0.0,0.0,48085.92,539.0799999999999,1443.2,5108.33,1443.2,0.0,0.0,,0.0,0,0
2024-01-07 00:00:00+01:00,587.5475103125534,DE,SEE952058615067,Erdgas,0.34209999442100525,138.30313110351562,79.82,856.8199999999997,AT|BE|CZ|FR|NL,,45864.5,False,False,,,,,,0.0,0.0,45864.5,45864.5,45864.5,45864.5,45864.5,45864.5,45864.5,45864.5,0.0,0.0,0.0,0.0,0.0,0.0,0.0,0.0,45007.68,856.8199999999997,1722.0,5415.55,1722.0,0.0,0.0,,0.0,0,0
2024-01-07 01:00:00+01:00,499.37887755051423,DE,SEE952372080091,Erdgas,0.4025000035762787,117.54906463623047,76.76,1230.4200000000003,AT|BE|CZ|FR|NL,,44202.5,False,True,13094.8,15981.2,-14209.0,14867.0,-1114.2,0.0,0.0,44202.5,44202.5,44202.5,44202.5,44202.5,44202.5,44202.5,44202.5,0.0,0.0,0.0,0.0,0.0,0.0,0.0,0.0,42972.08,1230.4200000000003,1689.55,6040.049999999999,1689.55,0.0,0.0,,0.0,0,0
2024-01-07 02:00:00+01:00,480.2867312371774,DE,SEE911764038249,Erdgas,0.41850000619888306,113.0549545288086,73.46,1157.72,AT|BE|CZ|FR|NL,,43487.75,False,False,,,,,,0.0,0.0,43487.75,43487.75,43487.75,43487.75,43487.75,43487.75,43487.75,43487.75,0.0,0.0,0.0,0.0,0.0,0.0,0.0,0.0,42330.03,1157.72,1409.1,6651.5,1409.1,0.0,0.0,,0.0,0,0
2024-01-07 03:00:00+01:00,479.42753610825827,DE,SEE988182827533,Erdgas,0.4192500114440918,112.85271453857422,71.86,1963.3400000000001,AT|BE|CZ|FR|NL,,42997.75,False,False,,,,,,0.0,0.0,42997.75,42997.75,42997.75,42997.75,42997.75,42997.75,42997.75,42997.75,0.0,0.0,0.0,0.0,0.0,0.0,0.0,0.0,41034.41,1963.3400000000001,1339.3,7795.98,1339.3,0.0,0.0,,0.0,0,0
2024-01-07 04:00:00+01:00,478.57144351313764,DE,SEE974201537415,Erdgas,0.41999998688697815,112.65119171142578,72.08,2643.0199999999995,AT|BE|CZ|FR|NL,,43103.0,False,False,,,,,,0.0,0.0,43103.0,43103.0,43103.0,43103.0,43103.0,43103.0,43103.0,43103.0,0.0,0.0,0.0,0.0,0.0,0.0,0.0,0.0,40459.98,2643.0199999999995,792.5,7922.549999999999,792.5,0.0,0.0,,0.0,0,0
2024-01-07 05:00:00+01:00,479.42753610825827,DE,SEE942237774470,Erdgas,0.4192500114440918,112.85271453857422,74.9,1690.9,AT|BE|CZ|FR|NL,,43027.0,False,False,,,,,,0.0,0.0,43027.0,43027.0,43027.0,43027.0,43027.0,43027.0,43027.0,43027.0,0.0,0.0,0.0,0.0,0.0,0.0,0.0,0.0,41336.1,1690.9,977.1,7670.650000000001,977.1,0.0,0.0,,0.0,0,0
2024-01-07 06:00:00+01:00,480.2867312371774,DE,SEE911764038249,Erdgas,0.41850000619888306,113.0549545288086,77.69,788.9200000000001,AT|BE|CZ|FR|NL,,43184.0,False,False,,,,,,0.0,0.0,43184.0,43184.0,43184.0,43184.0,43184.0,43184.0,43184.0,43184.0,0.0,0.0,0.0,0.0,0.0,0.0,0.0,0.0,42395.08,788.9200000000001,680.6,6643.719999999999,680.6,0.0,0.0,,0.0,0,0
2024-01-07 07:00:00+01:00,532.7325816955287,DE,SEE905257392765,Erdgas,0.3772999942302704,125.40021514892578,81.79,575.4499999999998,AT|BE|CZ|DK1|FR|NL,,44838.5,False,False,,,,,,0.0,0.0,44838.5,44838.5,44838.5,44838.5,44838.5,44838.5,44838.5,44838.5,0.0,0.0,0.0,0.0,0.0,0.0,0.0,0.0,44263.05,575.4499999999998,1064.4,6062.879999999999,1064.4,0.0,0.0,,0.0,0,0
2024-01-07 08:00:00+01:00,804.0,DE,SEE972526098451,Erdgas,0.25,189.25399780273438,84.86,155.1300000000001,AT|BE|CZ|FR|NL,,47392.5,False,False,,,,,,0.0,0.0,47392.5,47392.5,47392.5,47392.5,47392.5,47392.5,47392.5,47392.5,0.0,0.0,0.0,0.0,0.0,0.0,0.0,0.0,47237.37,155.1300000000001,643.05,5391.93,643.05,0.0,0.0,,0.0,0,0
2024-01-07 09:00:00+01:00,804.0,DE,SEE972526098451,Erdgas,0.25,189.25399780273438,87.15,-578.0100000000002,DK1,,51230.25,False,False,,,,,,0.0,0.0,51230.25,51230.25,51230.25,51230.25,51230.25,51230.25,51230.25,51230.25,0.0,0.0,0.0,0.0,0.0,0.0,0.0,0.0,51230.25,0.0,578.0100000000002,0.0,0.0,0.0,0.0,,0.0,0,0
2024-01-07 10:00:00+01:00,804.0,DE,SEE972526098451,Erdgas,0.25,189.25399780273438,89.14,357.1300000000001,,,53966.0,False,False,,,,,,0.0,0.0,53966.0,53966.0,53966.0,53966.0,53966.0,53966.0,53966.0,53966.0,0.0,0.0,0.0,0.0,0.0,0.0,0.0,0.0,53608.87,357.1300000000001,5080.35,5437.48,5080.35,0.0,0.0,,0.0,0,0
2024-01-07 11:00:00+01:00,804.0,DE,SEE972526098451,Erdgas,0.25,189.25399780273438,88.66,1829.7799999999997,AT|BE|CZ|FR|NL,,56590.0,False,False,,,,,,0.0,0.0,56590.0,56590.0,56590.0,56590.0,56590.0,56590.0,56590.0,56590.0,0.0,0.0,0.0,0.0,0.0,0.0,0.0,0.0,54760.22,1829.7799999999997,889.45,4614.98,889.45,0.0,0.0,,0.0,0,0
2024-01-07 12:00:00+01:00,804.0,DE,SEE972526098451,Erdgas,0.25,189.25399780273438,84.81,2367.129999999999,AT|BE|CZ|FR|NL,,57436.5,False,False,,,,,,0.0,0.0,57436.5,57436.5,57436.5,57436.5,57436.5,57436.5,57436.5,57436.5,0.0,0.0,0.0,0.0,0.0,0.0,0.0,0.0,55069.37,2367.129999999999,0.0,5891.579999999999,0.0,0.0,0.0,,0.0,0,0
2024-01-07 13:00:00+01:00,804.0,DE,SEE972526098451,Erdgas,0.25,189.25399780273438,84.34,1722.8000000000002,AT|BE|CZ|FR|NL,,56313.5,False,False,,,,,,0.0,0.0,56313.5,56313.5,56313.5,56313.5,56313.5,56313.5,56313.5,56313.5,0.0,0.0,0.0,0.0,0.0,0.0,0.0,0.0,54590.7,1722.8000000000002,0.0,5060.7,0.0,0.0,0.0,,0.0,0,0
2024-01-07 14:00:00+01:00,804.0,DE,SEE972526098451,Erdgas,0.25,189.25399780273438,88.01,1360.6599999999999,AT|BE|CZ|DK1|FR|NL,,55457.75,False,False,,,,,,0.0,0.0,55457.75,55457.75,55457.75,55457.75,55457.75,55457.75,55457.75,55457.75,0.0,0.0,0.0,0.0,0.0,0.0,0.0,0.0,54097.09,1360.6599999999999,969.85,4729.0,969.85,0.0,0.0,,0.0,0,0
2024-01-07 15:00:00+01:00,804.0,DE,SEE972526098451,Erdgas,0.25,189.25399780273438,93.42,2235.4499999999994,AT|BE|CZ|DK1|FR|NL,,55181.75,False,False,,,,,,0.0,0.0,55181.75,55181.75,55181.75,55181.75,55181.75,55181.75,55181.75,55181.75,0.0,0.0,0.0,0.0,0.0,0.0,0.0,0.0,52946.3,2235.4499999999994,1347.6,4642.7,1347.6,0.0,0.0,,0.0,0,0
2024-01-07 16:00:00+01:00,804.0,DE,SEE972526098451,Erdgas,0.25,189.25399780273438,101.77,2228.5500000000006,AT|BE|CZ|DK1|FR|NL|PL,,56876.5,False,False,,,,,,0.0,0.0,56876.5,56876.5,56876.5,56876.5,56876.5,56876.5,56876.5,56876.5,0.0,0.0,0.0,0.0,0.0,0.0,0.0,0.0,54647.95,2228.5500000000006,2731.4,4661.0,2731.4,0.0,0.0,,0.0,0,0
2024-01-07 17:00:00+01:00,804.0,DE,SEE972526098451,Erdgas,0.25,189.25399780273438,104.85,2627.9799999999996,AT|BE|CZ|DK1|FR|NL|PL,,60442.5,False,False,,,,,,0.0,0.0,60442.5,60442.5,60442.5,60442.5,60442.5,60442.5,60442.5,60442.5,0.0,0.0,0.0,0.0,0.0,0.0,0.0,0.0,57814.520000000004,2627.9799999999996,2793.95,4557.5,2793.95,0.0,0.0,,0.0,0,0
2024-01-07 18:00:00+01:00,804.0,DE,SEE972526098451,Erdgas,0.25,189.25399780273438,103.55,2616.3800000000006,AT|BE|DK1|DK2|FR|NL|NO2|SE4,,61065.25,False,False,,,,,,0.0,0.0,61065.25,61065.25,61065.25,61065.25,61065.25,61065.25,61065.25,61065.25,0.0,0.0,0.0,0.0,0.0,0.0,0.0,0.0,58448.87,2616.3800000000006,1275.4499999999998,3092.6499999999996,1275.4499999999998,0.0,0.0,,0.0,0,0
2024-01-07 19:00:00+01:00,804.0,DE,SEE972526098451,Erdgas,0.25,189.25399780273438,100.5,194.95999999999992,AT|BE|CZ|DK1|DK2|FR|NL|NO2|PL|SE4,,59651.5,False,False,,,,,,0.0,0.0,59651.5,59651.5,59651.5,59651.5,59651.5,59651.5,59651.5,59651.5,0.0,0.0,0.0,0.0,0.0,0.0,0.0,0.0,59456.54,194.95999999999992,2445.7,3990.0,2445.7,109.80000000000008,0.0,,0.0,0,0
2024-01-07 20:00:00+01:00,804.0,DE,SEE972526098451,Erdgas,0.25,189.25399780273438,93.31,-778.8700000000002,AT|BE|CZ|DK1|DK2|FR|NL|NO2|PL|SE4,,56930.5,False,False,,,,,,0.0,0.0,56930.5,56930.5,56930.5,56930.5,56930.5,56930.5,56930.5,56930.5,0.0,0.0,0.0,0.0,0.0,0.0,0.0,0.0,56930.5,0.0,1684.0500000000002,3517.4299999999994,1684.0500000000002,79.2,0.0,,0.0,0,0
2024-01-07 21:00:00+01:00,804.0,DE,SEE972526098451,Erdgas,0.25,189.25399780273438,91.17,-1454.4299999999998,AT|BE|CZ|DK1|DK2|FR|NL|NO2|SE4,,55284.0,False,False,,,,,,0.0,0.0,55284.0,55284.0,55284.0,55284.0,55284.0,55284.0,55284.0,55284.0,0.0,0.0,0.0,0.0,0.0,0.0,0.0,0.0,55284.0,0.0,2053.55,2403.45,2053.55,0.0,0.0,,0.0,0,0
2024-01-07 22:00:00+01:00,804.0,DE,SEE972526098451,Erdgas,0.25,189.25399780273438,83.86,-176.92000000000007,AT|BE|CZ|DK1|DK2|FR|NL|NO2|SE4,,54761.25,False,False,,,,,,0.0,0.0,54761.25,54761.25,54761.25,54761.25,54761.25,54761.25,54761.25,54761.25,0.0,0.0,0.0,0.0,0.0,0.0,0.0,0.0,54761.25,0.0,1644.3500000000001,2292.83,1644.3500000000001,0.0,0.0,,0.0,0,0
2024-01-07 23:00:00+01:00,804.0,DE,SEE972526098451,Erdgas,0.25,189.25399780273438,87.02,929.6399999999996,DK1|DK2|NL|NO2|SE4,,52223.5,False,False,,,,,,0.0,0.0,52223.5,52223.5,52223.5,52223.5,52223.5,52223.5,52223.5,52223.5,0.0,0.0,0.0,0.0,0.0,0.0,0.0,0.0,51293.86,929.6399999999996,1491.5500000000002,0.0,1491.5500000000002,0.0,0.0,,0.0,0,0
